order_delivered_customer_month,product_category_name_english,total_revenue,total_revenue_ranking,order_count,order_count_ranking
2016-10-01,furniture_decor,4855.0,1,40,1
2016-10-01,health_beauty,2493.0,5,27,2
2016-10-01,perfumery,4040.0,2,23,3
2016-10-01,sports_leisure,1976.0,6,16,4
2016-10-01,toys,3412.0,3,16,4
2016-10-01,computers_accessories,560.0,15,9,6
2016-10-01,baby,1091.0,9,7,7
2016-10-01,telephony,228.0,21,7,7
2016-10-01,housewares,687.0,12,6,9
2016-10-01,fashion_bags_accessories,318.0,17,6,9
2016-10-01,garden_tools,1360.0,8,5,11
2016-10-01,cool_stuff,820.0,10,5,11
2016-10-01,auto,568.0,14,5,11
2016-10-01,consoles_games,1661.0,7,4,14
2016-10-01,fixed_telephony,699.0,11,4,14
2016-10-01,watches_gifts,2711.0,4,4,14
2016-10-01,bed_bath_table,309.0,19,4,14
2016-10-01,market_place,594.0,13,3,18
2016-10-01,industry_commerce_and_business,360.0,16,3,18
2016-10-01,pet_shop,310.0,18,3,18
2016-10-01,audio,157.0,22,2,21
2016-10-01,,66.0,25,2,21
2016-10-01,air_conditioning,300.0,20,1,23
2016-10-01,electronics,108.0,23,1,23
2016-10-01,food,80.0,24,1,23
2016-10-01,fashio_female_clothing,55.0,26,1,23
2016-10-01,fashion_shoes,30.0,27,1,23
2016-10-01,fashion_male_clothing,25.0,28,1,23
2016-11-01,health_beauty,1081.0,3,10,1
2016-11-01,furniture_decor,835.0,5,9,2
2016-11-01,toys,694.0,7,6,3
2016-11-01,office_furniture,1124.0,2,5,4
2016-11-01,consoles_games,1958.0,1,3,5
2016-11-01,air_conditioning,1049.0,4,3,5
2016-11-01,perfumery,790.0,6,3,5
2016-11-01,housewares,600.0,8,3,5
2016-11-01,market_place,321.0,10,2,9
2016-11-01,baby,280.0,11,2,9
2016-11-01,cool_stuff,226.0,12,2,9
2016-11-01,auto,60.0,15,2,9
2016-11-01,computers_accessories,38.0,17,2,9
2016-11-01,pet_shop,380.0,9,1,14
2016-11-01,bed_bath_table,170.0,13,1,14
2016-11-01,diapers_and_hygiene,135.0,14,1,14
2016-11-01,fashion_bags_accessories,55.0,16,1,14
2016-11-01,sports_leisure,36.0,18,1,14
2016-11-01,fixed_telephony,6.0,19,1,14
2016-12-01,auto,500.0,1,1,1
2016-12-01,office_furniture,177.0,2,1,1
2016-12-01,computers_accessories,71.0,3,1,1
2016-12-01,fashion_bags_accessories,11.0,4,1,1
2017-01-01,furniture_decor,5604.0,1,62,1
2017-01-01,health_beauty,4971.0,2,20,2
2017-01-01,toys,1415.0,7,18,3
2017-01-01,fashion_bags_accessories,962.0,12,18,3
2017-01-01,garden_tools,3964.0,3,17,5
2017-01-01,sports_leisure,1275.0,10,15,6
2017-01-01,fixed_telephony,461.0,18,15,6
2017-01-01,auto,2495.0,4,13,8
2017-01-01,baby,991.0,11,12,9
2017-01-01,bed_bath_table,726.0,14,11,10
2017-01-01,computers_accessories,464.0,17,9,11
2017-01-01,cool_stuff,2181.0,5,8,12
2017-01-01,furniture_bedroom,73.0,25,8,12
2017-01-01,pet_shop,125.0,23,7,14
2017-01-01,perfumery,1348.0,8,7,14
2017-01-01,housewares,1287.0,9,7,14
2017-01-01,watches_gifts,1824.0,6,6,17
2017-01-01,electronics,417.0,19,6,17
2017-01-01,telephony,86.0,24,6,17
2017-01-01,consoles_games,944.0,13,4,20
2017-01-01,market_place,364.0,20,3,21
2017-01-01,small_appliances,475.0,15,2,22
2017-01-01,,268.0,22,2,22
2017-01-01,music,20.0,28,2,22
2017-01-01,air_conditioning,300.0,21,1,25
2017-01-01,stationery,11.0,29,1,25
2017-01-01,agro_industry_and_commerce,44.0,26,1,25
2017-01-01,fashion_shoes,35.0,27,1,25
2017-01-01,home_appliances_2,467.0,16,1,25
2017-02-01,furniture_decor,16399.0,3,170,1
2017-02-01,health_beauty,21285.0,1,149,2
2017-02-01,sports_leisure,16841.0,2,117,3
2017-02-01,bed_bath_table,9854.0,7,100,4
2017-02-01,toys,8387.0,10,62,5
2017-02-01,computers_accessories,11261.0,5,61,6
2017-02-01,cool_stuff,10998.0,6,57,7
2017-02-01,auto,9114.0,8,56,8
2017-02-01,telephony,3476.0,19,54,9
2017-02-01,perfumery,8893.0,9,53,10
2017-02-01,garden_tools,8068.0,12,49,11
2017-02-01,,8270.0,11,45,12
2017-02-01,housewares,4403.0,17,43,13
2017-02-01,baby,6503.0,14,37,14
2017-02-01,office_furniture,7729.0,13,36,15
2017-02-01,fashion_bags_accessories,1994.0,24,32,16
2017-02-01,pet_shop,2087.0,23,23,17
2017-02-01,stationery,3509.0,18,22,18
2017-02-01,consoles_games,5608.0,15,21,19
2017-02-01,watches_gifts,11666.0,4,21,19
2017-02-01,small_appliances,4547.0,16,19,21
2017-02-01,luggage_accessories,1664.0,25,17,22
2017-02-01,furniture_living_room,3268.0,20,15,23
2017-02-01,fixed_telephony,357.0,35,12,24
2017-02-01,electronics,564.0,29,10,25
2017-02-01,market_place,339.0,36,9,26
2017-02-01,home_appliances_2,1466.0,26,6,27
2017-02-01,air_conditioning,888.0,27,6,27
2017-02-01,food,508.0,30,6,27
2017-02-01,fashion_underwear_beach,459.0,32,6,27
2017-02-01,musical_instruments,2191.0,22,5,31
2017-02-01,books_general_interest,494.0,31,5,31
2017-02-01,tablets_printing_image,396.0,34,4,33
2017-02-01,fashion_male_clothing,290.0,38,4,33
2017-02-01,agro_industry_and_commerce,88.0,47,4,33
2017-02-01,home_appliances,275.0,39,3,36
2017-02-01,fashio_female_clothing,207.0,40,3,36
2017-02-01,dvds_blu_ray,45.0,50,2,38
2017-02-01,construction_tools_construction,300.0,37,2,38
2017-02-01,fashion_shoes,107.0,45,2,38
2017-02-01,audio,75.0,48,2,38
2017-02-01,home_comfort_2,73.0,49,2,38
2017-02-01,costruction_tools_garden,580.0,28,1,43
2017-02-01,furniture_bedroom,450.0,33,1,43
2017-02-01,computers,2200.0,21,1,43
2017-02-01,home_construction,187.0,41,1,43
2017-02-01,security_and_services,183.0,42,1,43
2017-02-01,books_technical,159.0,43,1,43
2017-02-01,kitchen_dining_laundry_garden_furniture,110.0,44,1,43
2017-02-01,home_confort,95.0,46,1,43
2017-03-01,furniture_decor,25540.0,2,289,1
2017-03-01,bed_bath_table,25202.0,3,219,2
2017-03-01,health_beauty,25108.0,4,179,3
2017-03-01,sports_leisure,26212.0,1,167,4
2017-03-01,computers_accessories,17253.0,8,136,5
2017-03-01,housewares,16586.0,9,134,6
2017-03-01,telephony,5969.0,17,130,7
2017-03-01,cool_stuff,21220.0,6,114,8
2017-03-01,garden_tools,20310.0,7,109,9
2017-03-01,toys,11952.0,12,86,10
2017-03-01,perfumery,16512.0,10,85,11
2017-03-01,auto,13573.0,11,72,12
2017-03-01,watches_gifts,22927.0,5,67,13
2017-03-01,,5810.0,18,50,14
2017-03-01,fashion_bags_accessories,3799.0,23,50,14
2017-03-01,office_furniture,9621.0,13,46,16
2017-03-01,pet_shop,7144.0,16,43,17
2017-03-01,baby,4107.0,21,41,18
2017-03-01,consoles_games,7182.0,15,39,19
2017-03-01,stationery,4526.0,20,35,20
2017-03-01,small_appliances,9551.0,14,30,21
2017-03-01,luggage_accessories,4052.0,22,30,21
2017-03-01,electronics,2991.0,25,26,23
2017-03-01,market_place,2765.0,26,23,24
2017-03-01,fixed_telephony,1312.0,30,20,25
2017-03-01,air_conditioning,5806.0,19,20,25
2017-03-01,books_general_interest,2553.0,27,20,25
2017-03-01,food,1801.0,29,18,28
2017-03-01,audio,1025.0,31,13,29
2017-03-01,home_appliances,739.0,35,12,30
2017-03-01,furniture_living_room,2415.0,28,12,30
2017-03-01,musical_instruments,923.0,32,8,32
2017-03-01,fashion_shoes,850.0,33,8,32
2017-03-01,fashion_male_clothing,775.0,34,7,34
2017-03-01,fashion_underwear_beach,270.0,41,6,35
2017-03-01,agro_industry_and_commerce,241.0,44,6,35
2017-03-01,tablets_printing_image,594.0,38,6,35
2017-03-01,home_confort,631.0,36,5,38
2017-03-01,food_drink,86.0,46,4,39
2017-03-01,fashio_female_clothing,254.0,43,3,40
2017-03-01,industry_commerce_and_business,357.0,40,3,40
2017-03-01,home_construction,600.0,37,3,40
2017-03-01,kitchen_dining_laundry_garden_furniture,188.0,45,3,40
2017-03-01,art,65.0,49,3,40
2017-03-01,drinks,260.0,42,2,45
2017-03-01,construction_tools_construction,76.0,47,2,45
2017-03-01,books_technical,75.0,48,2,45
2017-03-01,construction_tools_safety,379.0,39,1,48
2017-03-01,computers,3549.0,24,1,48
2017-03-01,cine_photo,59.0,50,1,48
2017-03-01,fashion_sport,40.0,51,1,48
2017-03-01,music,28.0,52,1,48
2017-03-01,home_appliances_2,14.0,53,1,48
2017-03-01,home_comfort_2,13.0,54,1,48
2017-04-01,bed_bath_table,18483.0,3,196,1
2017-04-01,furniture_decor,13536.0,10,134,2
2017-04-01,health_beauty,15645.0,6,132,3
2017-04-01,sports_leisure,14838.0,9,128,4
2017-04-01,telephony,7825.0,14,125,5
2017-04-01,housewares,8291.0,13,114,6
2017-04-01,computers_accessories,19233.0,2,96,7
2017-04-01,cool_stuff,15309.0,8,85,8
2017-04-01,toys,10179.0,12,85,8
2017-04-01,perfumery,15492.0,7,81,10
2017-04-01,garden_tools,16894.0,4,80,11
2017-04-01,watches_gifts,19416.0,1,62,12
2017-04-01,auto,12149.0,11,55,13
2017-04-01,,5817.0,17,44,14
2017-04-01,office_furniture,7064.0,16,43,15
2017-04-01,fashion_bags_accessories,3430.0,21,43,15
2017-04-01,stationery,3384.0,22,40,17
2017-04-01,luggage_accessories,5565.0,18,32,18
2017-04-01,pet_shop,4964.0,19,31,19
2017-04-01,electronics,2634.0,24,31,19
2017-04-01,baby,2263.0,26,28,21
2017-04-01,consoles_games,7597.0,15,26,22
2017-04-01,small_appliances,16799.0,5,18,23
2017-04-01,furniture_living_room,3570.0,20,18,23
2017-04-01,home_confort,2701.0,23,14,25
2017-04-01,air_conditioning,2045.0,27,11,26
2017-04-01,musical_instruments,2286.0,25,11,26
2017-04-01,fashion_shoes,1015.0,30,11,26
2017-04-01,food,940.0,31,10,29
2017-04-01,market_place,632.0,35,9,30
2017-04-01,books_general_interest,782.0,32,7,31
2017-04-01,home_construction,1246.0,29,6,32
2017-04-01,tablets_printing_image,564.0,36,6,32
2017-04-01,fixed_telephony,708.0,34,6,32
2017-04-01,fashion_male_clothing,318.0,41,5,35
2017-04-01,fashion_underwear_beach,292.0,42,5,35
2017-04-01,audio,340.0,39,4,37
2017-04-01,dvds_blu_ray,1874.0,28,4,37
2017-04-01,kitchen_dining_laundry_garden_furniture,319.0,40,4,37
2017-04-01,home_comfort_2,343.0,38,3,40
2017-04-01,signaling_and_security,128.0,44,3,40
2017-04-01,home_appliances,94.0,47,3,40
2017-04-01,drinks,204.0,43,2,43
2017-04-01,fashion_sport,100.0,46,2,43
2017-04-01,costruction_tools_tools,729.0,33,1,45
2017-04-01,home_appliances_2,400.0,37,1,45
2017-04-01,costruction_tools_garden,11.0,52,1,45
2017-04-01,art,110.0,45,1,45
2017-04-01,cine_photo,59.0,48,1,45
2017-04-01,music,35.0,49,1,45
2017-04-01,la_cuisine,24.0,50,1,45
2017-04-01,food_drink,14.0,51,1,45
2017-05-01,bed_bath_table,34178.0,5,323,1
2017-05-01,sports_leisure,37755.0,3,295,2
2017-05-01,health_beauty,42332.0,2,277,3
2017-05-01,housewares,21380.0,11,258,4
2017-05-01,computers_accessories,45362.0,1,255,5
2017-05-01,furniture_decor,24549.0,9,248,6
2017-05-01,cool_stuff,32894.0,6,225,7
2017-05-01,telephony,10322.0,19,214,8
2017-05-01,toys,22195.0,10,189,9
2017-05-01,perfumery,24716.0,8,149,10
2017-05-01,garden_tools,27985.0,7,142,11
2017-05-01,watches_gifts,35524.0,4,126,12
2017-05-01,auto,17536.0,12,111,13
2017-05-01,baby,7495.0,21,97,14
2017-05-01,,10634.0,17,90,15
2017-05-01,fashion_bags_accessories,5669.0,23,79,16
2017-05-01,pet_shop,10713.0,16,72,17
2017-05-01,electronics,8033.0,20,67,18
2017-05-01,luggage_accessories,12154.0,15,65,19
2017-05-01,stationery,7164.0,22,64,20
2017-05-01,office_furniture,13425.0,13,64,20
2017-05-01,home_confort,5244.0,25,33,22
2017-05-01,market_place,5457.0,24,29,23
2017-05-01,home_appliances,1836.0,34,27,24
2017-05-01,fashion_shoes,1584.0,36,26,25
2017-05-01,books_general_interest,1973.0,33,23,26
2017-05-01,musical_instruments,10403.0,18,22,27
2017-05-01,consoles_games,2253.0,30,21,28
2017-05-01,small_appliances,13117.0,14,20,29
2017-05-01,audio,2114.0,32,19,30
2017-05-01,furniture_living_room,2698.0,27,17,31
2017-05-01,tablets_printing_image,2132.0,31,11,32
2017-05-01,food_drink,354.0,46,10,33
2017-05-01,fixed_telephony,799.0,42,10,33
2017-05-01,kitchen_dining_laundry_garden_furniture,879.0,39,9,35
2017-05-01,air_conditioning,1416.0,38,9,35
2017-05-01,costruction_tools_garden,2679.0,28,8,37
2017-05-01,home_appliances_2,1706.0,35,8,37
2017-05-01,home_construction,2450.0,29,7,39
2017-05-01,furniture_bedroom,2761.0,26,7,39
2017-05-01,fashion_male_clothing,846.0,40,6,41
2017-05-01,food,613.0,43,5,42
2017-05-01,fashion_underwear_beach,92.0,53,5,42
2017-05-01,art,380.0,45,4,44
2017-05-01,fashio_female_clothing,283.0,48,4,44
2017-05-01,fashion_sport,165.0,50,4,44
2017-05-01,dvds_blu_ray,75.0,55,4,44
2017-05-01,agro_industry_and_commerce,1520.0,37,3,48
2017-05-01,books_technical,312.0,47,3,48
2017-05-01,costruction_tools_tools,804.0,41,2,50
2017-05-01,furniture_mattress_and_upholstery,219.0,49,2,50
2017-05-01,cine_photo,118.0,51,2,50
2017-05-01,signaling_and_security,81.0,54,2,50
2017-05-01,industry_commerce_and_business,520.0,44,2,50
2017-05-01,books_imported,20.0,59,1,55
2017-05-01,fashion_childrens_clothes,110.0,52,1,55
2017-05-01,christmas_supplies,69.0,56,1,55
2017-05-01,music,25.0,57,1,55
2017-05-01,arts_and_craftmanship,22.0,58,1,55
2017-06-01,bed_bath_table,33394.0,4,321,1
2017-06-01,housewares,23056.0,7,261,2
2017-06-01,health_beauty,36453.0,1,232,3
2017-06-01,sports_leisure,30409.0,6,231,4
2017-06-01,computers_accessories,36047.0,2,228,5
2017-06-01,cool_stuff,36012.0,3,201,6
2017-06-01,furniture_decor,18316.0,10,187,7
2017-06-01,telephony,8261.0,17,178,8
2017-06-01,toys,18595.0,9,160,9
2017-06-01,perfumery,21850.0,8,133,10
2017-06-01,watches_gifts,30517.0,5,117,11
2017-06-01,garden_tools,15256.0,12,101,12
2017-06-01,auto,16400.0,11,96,13
2017-06-01,fashion_bags_accessories,7580.0,18,93,14
2017-06-01,baby,9598.0,14,80,15
2017-06-01,pet_shop,5858.0,20,70,16
2017-06-01,,9707.0,13,68,17
2017-06-01,luggage_accessories,9177.0,16,60,18
2017-06-01,electronics,3390.0,26,48,19
2017-06-01,stationery,3870.0,24,40,20
2017-06-01,office_furniture,5288.0,21,33,21
2017-06-01,home_appliances,2021.0,30,32,22
2017-06-01,consoles_games,4126.0,22,27,23
2017-06-01,small_appliances,9598.0,14,23,24
2017-06-01,books_general_interest,1949.0,31,19,25
2017-06-01,fashion_shoes,2230.0,28,19,25
2017-06-01,home_confort,2785.0,27,18,27
2017-06-01,market_place,1670.0,32,18,27
2017-06-01,furniture_living_room,3581.0,25,18,27
2017-06-01,audio,2096.0,29,15,30
2017-06-01,musical_instruments,4045.0,23,14,31
2017-06-01,fixed_telephony,933.0,35,12,32
2017-06-01,kitchen_dining_laundry_garden_furniture,1303.0,34,8,33
2017-06-01,tablets_printing_image,823.0,36,8,33
2017-06-01,air_conditioning,521.0,40,7,35
2017-06-01,art,6819.0,19,6,36
2017-06-01,fashion_sport,481.0,42,5,37
2017-06-01,construction_tools_construction,376.0,43,4,38
2017-06-01,furniture_bedroom,547.0,39,4,38
2017-06-01,fashio_female_clothing,305.0,45,4,38
2017-06-01,fashion_male_clothing,280.0,46,4,38
2017-06-01,home_appliances_2,605.0,38,3,42
2017-06-01,signaling_and_security,637.0,37,3,42
2017-06-01,home_construction,1316.0,33,3,42
2017-06-01,costruction_tools_garden,248.0,48,3,42
2017-06-01,books_technical,171.0,51,3,42
2017-06-01,food_drink,83.0,56,3,42
2017-06-01,dvds_blu_ray,67.0,58,3,42
2017-06-01,furniture_mattress_and_upholstery,486.0,41,2,49
2017-06-01,industry_commerce_and_business,277.0,47,2,49
2017-06-01,drinks,140.0,53,2,49
2017-06-01,music,329.0,44,1,52
2017-06-01,la_cuisine,193.0,49,1,52
2017-06-01,fashion_underwear_beach,192.0,50,1,52
2017-06-01,food,150.0,52,1,52
2017-06-01,fashion_childrens_clothes,110.0,54,1,52
2017-06-01,books_imported,99.0,55,1,52
2017-06-01,cine_photo,79.0,57,1,52
2017-06-01,agro_industry_and_commerce,60.0,59,1,52
2017-06-01,home_comfort_2,13.0,60,1,52
2017-07-01,bed_bath_table,56102.0,1,461,1
2017-07-01,sports_leisure,32919.0,4,288,2
2017-07-01,health_beauty,31440.0,5,252,3
2017-07-01,housewares,21400.0,9,233,4
2017-07-01,furniture_decor,24805.0,8,226,5
2017-07-01,cool_stuff,39614.0,2,222,6
2017-07-01,computers_accessories,35992.0,3,206,7
2017-07-01,toys,18854.0,10,180,8
2017-07-01,watches_gifts,29909.0,6,129,9
2017-07-01,garden_tools,14805.0,11,112,10
2017-07-01,baby,12524.0,13,110,11
2017-07-01,telephony,6302.0,16,110,11
2017-07-01,perfumery,13771.0,12,108,13
2017-07-01,auto,27049.0,7,102,14
2017-07-01,office_furniture,12206.0,14,72,15
2017-07-01,electronics,5641.0,20,70,16
2017-07-01,fashion_bags_accessories,4806.0,23,64,17
2017-07-01,pet_shop,5655.0,19,62,18
2017-07-01,stationery,4937.0,21,59,19
2017-07-01,luggage_accessories,7770.0,15,59,19
2017-07-01,,2827.0,27,46,21
2017-07-01,home_appliances,2168.0,29,37,22
2017-07-01,home_confort,4895.0,22,34,23
2017-07-01,consoles_games,3534.0,24,28,24
2017-07-01,small_appliances,6302.0,16,28,24
2017-07-01,musical_instruments,6185.0,18,22,26
2017-07-01,furniture_living_room,2894.0,25,21,27
2017-07-01,fashion_shoes,940.0,34,16,28
2017-07-01,books_general_interest,1107.0,32,11,29
2017-07-01,market_place,1112.0,31,9,30
2017-07-01,costruction_tools_garden,750.0,37,9,30
2017-07-01,fixed_telephony,245.0,49,8,32
2017-07-01,air_conditioning,2859.0,26,8,32
2017-07-01,fashion_male_clothing,528.0,41,8,32
2017-07-01,home_appliances_2,1166.0,30,7,35
2017-07-01,food_drink,168.0,53,7,35
2017-07-01,audio,758.0,36,6,37
2017-07-01,dvds_blu_ray,823.0,35,5,38
2017-07-01,kitchen_dining_laundry_garden_furniture,649.0,40,5,38
2017-07-01,food,407.0,44,5,38
2017-07-01,art,435.0,43,4,41
2017-07-01,cds_dvds_musicals,180.0,52,3,42
2017-07-01,music,987.0,33,3,42
2017-07-01,signaling_and_security,466.0,42,3,42
2017-07-01,la_cuisine,341.0,45,3,42
2017-07-01,construction_tools_construction,300.0,46,3,42
2017-07-01,christmas_supplies,244.0,50,3,42
2017-07-01,industry_commerce_and_business,246.0,48,2,48
2017-07-01,agro_industry_and_commerce,2570.0,28,2,48
2017-07-01,drinks,274.0,47,2,48
2017-07-01,tablets_printing_image,198.0,51,2,48
2017-07-01,home_construction,704.0,39,2,48
2017-07-01,furniture_bedroom,739.0,38,2,48
2017-07-01,fashio_female_clothing,115.0,55,2,48
2017-07-01,fashion_sport,110.0,56,2,48
2017-07-01,fashion_underwear_beach,64.0,58,2,48
2017-07-01,arts_and_craftmanship,130.0,54,1,57
2017-07-01,small_appliances_home_oven_and_coffee,72.0,57,1,57
2017-07-01,home_comfort_2,13.0,59,1,57
2017-08-01,bed_bath_table,58200.0,1,466,1
2017-08-01,sports_leisure,42720.0,3,370,2
2017-08-01,computers_accessories,40078.0,4,334,3
2017-08-01,health_beauty,48208.0,2,328,4
2017-08-01,furniture_decor,29873.0,7,315,5
2017-08-01,housewares,23623.0,8,267,6
2017-08-01,cool_stuff,35827.0,5,231,7
2017-08-01,garden_tools,23276.0,9,193,8
2017-08-01,watches_gifts,35727.0,6,188,9
2017-08-01,toys,21640.0,10,188,9
2017-08-01,telephony,10844.0,15,148,11
2017-08-01,auto,18120.0,12,131,12
2017-08-01,perfumery,14758.0,14,118,13
2017-08-01,baby,18202.0,11,116,14
2017-08-01,fashion_bags_accessories,7161.0,20,99,15
2017-08-01,stationery,7573.0,19,81,16
2017-08-01,office_furniture,15716.0,13,80,17
2017-08-01,luggage_accessories,8429.0,18,77,18
2017-08-01,consoles_games,8769.0,17,69,19
2017-08-01,pet_shop,9007.0,16,68,20
2017-08-01,electronics,5014.0,23,64,21
2017-08-01,,3694.0,25,55,22
2017-08-01,home_appliances,5614.0,21,46,23
2017-08-01,small_appliances,3929.0,24,37,24
2017-08-01,home_confort,3197.0,26,25,25
2017-08-01,furniture_living_room,2790.0,28,24,26
2017-08-01,books_general_interest,2271.0,31,23,27
2017-08-01,market_place,2100.0,32,22,28
2017-08-01,musical_instruments,5066.0,22,21,29
2017-08-01,fashion_shoes,1716.0,34,21,29
2017-08-01,fixed_telephony,3026.0,27,14,31
2017-08-01,fashion_male_clothing,1417.0,36,13,32
2017-08-01,kitchen_dining_laundry_garden_furniture,1932.0,33,12,33
2017-08-01,home_appliances_2,2457.0,30,10,34
2017-08-01,fashion_underwear_beach,864.0,41,9,35
2017-08-01,books_technical,1605.0,35,9,35
2017-08-01,food,500.0,44,9,35
2017-08-01,air_conditioning,2630.0,29,8,38
2017-08-01,audio,1222.0,37,8,38
2017-08-01,food_drink,307.0,46,8,38
2017-08-01,construction_tools_construction,1018.0,38,6,41
2017-08-01,fashio_female_clothing,365.0,45,5,42
2017-08-01,costruction_tools_garden,922.0,39,4,43
2017-08-01,signaling_and_security,259.0,48,4,43
2017-08-01,furniture_bedroom,558.0,43,3,45
2017-08-01,cds_dvds_musicals,180.0,52,3,45
2017-08-01,dvds_blu_ray,54.0,59,3,45
2017-08-01,art,200.0,51,3,45
2017-08-01,construction_tools_lights,720.0,42,2,49
2017-08-01,la_cuisine,303.0,47,2,49
2017-08-01,furniture_mattress_and_upholstery,219.0,49,2,49
2017-08-01,home_construction,218.0,50,2,49
2017-08-01,industry_commerce_and_business,867.0,40,2,49
2017-08-01,drinks,120.0,53,2,49
2017-08-01,tablets_printing_image,114.0,54,2,49
2017-08-01,christmas_supplies,6.0,62,1,56
2017-08-01,music,80.0,55,1,56
2017-08-01,party_supplies,70.0,56,1,56
2017-08-01,books_imported,61.0,57,1,56
2017-08-01,fashion_sport,60.0,58,1,56
2017-08-01,small_appliances_home_oven_and_coffee,22.0,60,1,56
2017-08-01,home_comfort_2,13.0,61,1,56
2017-09-01,bed_bath_table,51332.0,2,440,1
2017-09-01,sports_leisure,44137.0,4,387,2
2017-09-01,health_beauty,46500.0,3,330,3
2017-09-01,furniture_decor,29868.0,7,264,4
2017-09-01,housewares,20453.0,12,222,5
2017-09-01,watches_gifts,43247.0,5,218,6
2017-09-01,computers_accessories,25530.0,8,210,7
2017-09-01,toys,20583.0,11,192,8
2017-09-01,cool_stuff,35649.0,6,186,9
2017-09-01,garden_tools,21071.0,10,170,10
2017-09-01,telephony,16530.0,13,152,11
2017-09-01,baby,23063.0,9,141,12
2017-09-01,perfumery,13551.0,15,134,13
2017-09-01,auto,13961.0,14,95,14
2017-09-01,fashion_bags_accessories,9003.0,19,79,15
2017-09-01,pet_shop,10810.0,16,78,16
2017-09-01,consoles_games,7386.0,21,71,17
2017-09-01,,5642.0,22,69,18
2017-09-01,stationery,4919.0,23,57,19
2017-09-01,computers,68279.0,1,56,20
2017-09-01,electronics,2516.0,28,50,21
2017-09-01,luggage_accessories,4654.0,24,44,22
2017-09-01,office_furniture,8244.0,20,35,23
2017-09-01,musical_instruments,10675.0,17,30,24
2017-09-01,small_appliances,9121.0,18,27,25
2017-09-01,home_confort,3977.0,25,20,26
2017-09-01,home_appliances,2336.0,29,20,26
2017-09-01,books_general_interest,1338.0,34,19,28
2017-09-01,furniture_living_room,1981.0,30,16,29
2017-09-01,fashion_underwear_beach,1467.0,32,15,30
2017-09-01,market_place,1387.0,33,15,30
2017-09-01,fashion_shoes,965.0,36,12,32
2017-09-01,home_appliances_2,2763.0,26,11,33
2017-09-01,food,867.0,39,10,34
2017-09-01,air_conditioning,2579.0,27,10,34
2017-09-01,construction_tools_construction,1692.0,31,9,36
2017-09-01,food_drink,307.0,54,8,37
2017-09-01,fashion_male_clothing,578.0,43,7,38
2017-09-01,fixed_telephony,481.0,45,7,38
2017-09-01,books_technical,757.0,40,6,40
2017-09-01,tablets_printing_image,472.0,47,6,40
2017-09-01,home_construction,912.0,37,5,42
2017-09-01,audio,627.0,42,5,42
2017-09-01,costruction_tools_garden,456.0,49,5,42
2017-09-01,kitchen_dining_laundry_garden_furniture,384.0,50,4,45
2017-09-01,dvds_blu_ray,80.0,63,4,45
2017-09-01,drinks,235.0,58,4,45
2017-09-01,christmas_supplies,314.0,53,4,45
2017-09-01,signaling_and_security,335.0,52,4,45
2017-09-01,agro_industry_and_commerce,1286.0,35,3,50
2017-09-01,furniture_bedroom,479.0,46,3,50
2017-09-01,books_imported,290.0,56,3,50
2017-09-01,art,345.0,51,2,53
2017-09-01,furniture_mattress_and_upholstery,486.0,44,2,53
2017-09-01,construction_tools_safety,295.0,55,2,53
2017-09-01,costruction_tools_tools,897.0,38,2,53
2017-09-01,industry_commerce_and_business,200.0,60,2,53
2017-09-01,fashio_female_clothing,67.0,65,2,53
2017-09-01,construction_tools_lights,458.0,48,2,53
2017-09-01,small_appliances_home_oven_and_coffee,641.0,41,1,60
2017-09-01,party_supplies,270.0,57,1,60
2017-09-01,fashion_sport,206.0,59,1,60
2017-09-01,la_cuisine,139.0,61,1,60
2017-09-01,security_and_services,100.0,62,1,60
2017-09-01,home_comfort_2,26.0,66,1,60
2017-09-01,cine_photo,69.0,64,1,60
2017-10-01,sports_leisure,53078.0,2,438,1
2017-10-01,bed_bath_table,47054.0,4,429,2
2017-10-01,health_beauty,47486.0,3,354,3
2017-10-01,toys,40199.0,7,320,4
2017-10-01,watches_gifts,59946.0,1,287,5
2017-10-01,furniture_decor,31025.0,9,260,6
2017-10-01,cool_stuff,40752.0,5,234,7
2017-10-01,computers_accessories,37669.0,8,233,8
2017-10-01,garden_tools,25700.0,10,204,9
2017-10-01,housewares,18064.0,13,200,10
2017-10-01,telephony,19101.0,12,192,11
2017-10-01,perfumery,15269.0,16,166,12
2017-10-01,baby,16385.0,15,147,13
2017-10-01,auto,24336.0,11,133,14
2017-10-01,fashion_bags_accessories,9771.0,20,111,15
2017-10-01,consoles_games,10260.0,19,85,16
2017-10-01,stationery,6579.0,23,80,17
2017-10-01,,12936.0,17,63,18
2017-10-01,pet_shop,7717.0,21,60,19
2017-10-01,electronics,4113.0,27,56,20
2017-10-01,office_furniture,12351.0,18,50,21
2017-10-01,luggage_accessories,5485.0,26,50,21
2017-10-01,home_confort,5813.0,25,40,23
2017-10-01,small_appliances,7513.0,22,31,24
2017-10-01,computers,40465.0,6,27,25
2017-10-01,audio,1492.0,38,22,26
2017-10-01,musical_instruments,6124.0,24,20,27
2017-10-01,food,1009.0,42,15,28
2017-10-01,home_construction,3314.0,28,15,28
2017-10-01,furniture_living_room,1768.0,34,13,30
2017-10-01,construction_tools_construction,2134.0,32,12,31
2017-10-01,fashion_male_clothing,1614.0,36,12,31
2017-10-01,fashion_shoes,1273.0,39,12,31
2017-10-01,food_drink,1665.0,35,12,31
2017-10-01,construction_tools_safety,2158.0,31,10,35
2017-10-01,books_general_interest,611.0,48,9,36
2017-10-01,market_place,902.0,43,9,36
2017-10-01,costruction_tools_garden,414.0,52,9,36
2017-10-01,air_conditioning,2740.0,29,8,39
2017-10-01,home_appliances,1183.0,40,8,39
2017-10-01,home_appliances_2,2098.0,33,8,39
2017-10-01,drinks,381.0,53,7,42
2017-10-01,fixed_telephony,16542.0,14,7,42
2017-10-01,kitchen_dining_laundry_garden_furniture,844.0,45,7,42
2017-10-01,signaling_and_security,744.0,46,7,42
2017-10-01,books_technical,517.0,49,7,42
2017-10-01,costruction_tools_tools,1039.0,41,6,47
2017-10-01,fashion_underwear_beach,665.0,47,6,47
2017-10-01,industry_commerce_and_business,2287.0,30,5,49
2017-10-01,christmas_supplies,262.0,55,5,49
2017-10-01,furniture_bedroom,1574.0,37,5,49
2017-10-01,art,438.0,51,5,49
2017-10-01,fashion_sport,444.0,50,3,53
2017-10-01,agro_industry_and_commerce,853.0,44,3,53
2017-10-01,dvds_blu_ray,155.0,58,3,53
2017-10-01,home_comfort_2,39.0,63,3,53
2017-10-01,fashio_female_clothing,309.0,54,2,57
2017-10-01,tablets_printing_image,198.0,57,2,57
2017-10-01,party_supplies,138.0,59,2,57
2017-10-01,fashion_childrens_clothes,130.0,61,2,57
2017-10-01,construction_tools_lights,250.0,56,1,61
2017-10-01,la_cuisine,137.0,60,1,61
2017-10-01,music,55.0,62,1,61
2017-11-01,bed_bath_table,53115.0,2,493,1
2017-11-01,sports_leisure,43247.0,5,390,2
2017-11-01,furniture_decor,31342.0,8,319,3
2017-11-01,watches_gifts,66377.0,1,313,4
2017-11-01,health_beauty,48490.0,4,313,4
2017-11-01,computers_accessories,42953.0,6,287,6
2017-11-01,cool_stuff,50700.0,3,239,7
2017-11-01,toys,31399.0,7,232,8
2017-11-01,telephony,19001.0,14,222,9
2017-11-01,garden_tools,27776.0,9,220,10
2017-11-01,housewares,21262.0,11,217,11
2017-11-01,perfumery,19009.0,13,174,12
2017-11-01,auto,20682.0,12,152,13
2017-11-01,baby,15896.0,16,135,14
2017-11-01,stationery,12086.0,17,115,15
2017-11-01,fashion_bags_accessories,7792.0,21,106,16
2017-11-01,consoles_games,9651.0,19,89,17
2017-11-01,electronics,5294.0,25,87,18
2017-11-01,,11685.0,18,65,19
2017-11-01,office_furniture,16161.0,15,64,20
2017-11-01,luggage_accessories,6900.0,23,56,21
2017-11-01,pet_shop,7395.0,22,53,22
2017-11-01,audio,2592.0,31,26,23
2017-11-01,musical_instruments,8799.0,20,22,24
2017-11-01,kitchen_dining_laundry_garden_furniture,5135.0,26,21,25
2017-11-01,food_drink,2229.0,33,21,25
2017-11-01,small_appliances,3377.0,28,18,27
2017-11-01,books_general_interest,1412.0,38,17,28
2017-11-01,computers,23707.0,10,16,29
2017-11-01,home_construction,2830.0,29,16,29
2017-11-01,fashion_shoes,1571.0,37,15,31
2017-11-01,furniture_living_room,1863.0,35,15,31
2017-11-01,construction_tools_construction,2596.0,30,15,31
2017-11-01,drinks,565.0,48,12,34
2017-11-01,costruction_tools_garden,1040.0,42,12,34
2017-11-01,christmas_supplies,1007.0,43,12,34
2017-11-01,home_confort,1714.0,36,11,37
2017-11-01,air_conditioning,2385.0,32,11,37
2017-11-01,construction_tools_safety,3393.0,27,11,37
2017-11-01,market_place,1164.0,40,11,37
2017-11-01,food,459.0,51,9,41
2017-11-01,home_appliances_2,1924.0,34,8,42
2017-11-01,fashion_male_clothing,727.0,46,7,43
2017-11-01,agro_industry_and_commerce,5441.0,24,7,43
2017-11-01,home_appliances,1102.0,41,6,45
2017-11-01,flowers,188.0,55,6,45
2017-11-01,signaling_and_security,791.0,45,4,47
2017-11-01,industry_commerce_and_business,1245.0,39,4,47
2017-11-01,cds_dvds_musicals,240.0,53,4,47
2017-11-01,books_technical,726.0,47,3,50
2017-11-01,fashion_underwear_beach,198.0,54,3,50
2017-11-01,dvds_blu_ray,60.0,61,3,50
2017-11-01,construction_tools_lights,550.0,49,3,50
2017-11-01,fixed_telephony,810.0,44,2,54
2017-11-01,home_comfort_2,52.0,63,2,54
2017-11-01,party_supplies,280.0,52,2,54
2017-11-01,costruction_tools_tools,90.0,57,2,54
2017-11-01,furniture_bedroom,510.0,50,1,58
2017-11-01,books_imported,170.0,56,1,58
2017-11-01,tablets_printing_image,90.0,57,1,58
2017-11-01,furniture_mattress_and_upholstery,85.0,59,1,58
2017-11-01,cine_photo,69.0,60,1,58
2017-11-01,fashion_sport,60.0,61,1,58
2017-12-01,bed_bath_table,71815.0,4,679,1
2017-12-01,health_beauty,83733.0,2,585,2
2017-12-01,toys,73723.0,3,564,3
2017-12-01,sports_leisure,67563.0,5,543,4
2017-12-01,furniture_decor,54965.0,7,484,5
2017-12-01,watches_gifts,90819.0,1,395,6
2017-12-01,garden_tools,38557.0,10,391,7
2017-12-01,computers_accessories,56885.0,6,364,8
2017-12-01,housewares,30933.0,12,329,9
2017-12-01,telephony,22840.0,13,326,10
2017-12-01,perfumery,34238.0,11,306,11
2017-12-01,auto,40116.0,9,278,12
2017-12-01,cool_stuff,43105.0,8,260,13
2017-12-01,electronics,10539.0,21,216,14
2017-12-01,stationery,21630.0,15,195,15
2017-12-01,fashion_bags_accessories,12467.0,18,163,16
2017-12-01,baby,22300.0,14,156,17
2017-12-01,,13632.0,17,126,18
2017-12-01,consoles_games,10071.0,22,108,19
2017-12-01,pet_shop,9324.0,24,82,20
2017-12-01,office_furniture,12378.0,19,55,21
2017-12-01,luggage_accessories,6985.0,27,49,22
2017-12-01,books_general_interest,2720.0,35,45,23
2017-12-01,musical_instruments,15794.0,16,44,24
2017-12-01,home_construction,6953.0,28,39,25
2017-12-01,home_confort,5047.0,31,36,26
2017-12-01,construction_tools_construction,7371.0,26,36,26
2017-12-01,small_appliances,9516.0,23,34,28
2017-12-01,home_appliances,4829.0,33,30,29
2017-12-01,furniture_living_room,5823.0,29,29,30
2017-12-01,audio,2668.0,36,28,31
2017-12-01,drinks,1293.0,44,28,31
2017-12-01,kitchen_dining_laundry_garden_furniture,4863.0,32,24,33
2017-12-01,food_drink,1681.0,41,24,33
2017-12-01,fashion_shoes,1771.0,40,18,35
2017-12-01,fashion_underwear_beach,1676.0,42,16,36
2017-12-01,home_appliances_2,5120.0,30,15,37
2017-12-01,christmas_supplies,563.0,52,15,37
2017-12-01,agro_industry_and_commerce,11233.0,20,14,39
2017-12-01,air_conditioning,3102.0,34,11,40
2017-12-01,market_place,977.0,47,11,40
2017-12-01,tablets_printing_image,680.0,51,11,40
2017-12-01,food,811.0,49,10,43
2017-12-01,furniture_mattress_and_upholstery,719.0,50,7,44
2017-12-01,books_technical,1182.0,45,7,44
2017-12-01,industry_commerce_and_business,2003.0,37,7,44
2017-12-01,construction_tools_safety,1389.0,43,7,44
2017-12-01,construction_tools_lights,1900.0,38,7,44
2017-12-01,fixed_telephony,1823.0,39,7,44
2017-12-01,costruction_tools_garden,932.0,48,6,50
2017-12-01,computers,8355.0,25,6,50
2017-12-01,fashion_male_clothing,399.0,53,6,50
2017-12-01,costruction_tools_tools,270.0,55,5,53
2017-12-01,art,190.0,58,4,54
2017-12-01,party_supplies,1086.0,46,3,55
2017-12-01,books_imported,231.0,57,3,55
2017-12-01,dvds_blu_ray,180.0,59,3,55
2017-12-01,home_comfort_2,26.0,67,2,58
2017-12-01,signaling_and_security,138.0,60,2,58
2017-12-01,fashio_female_clothing,60.0,64,2,58
2017-12-01,furniture_bedroom,363.0,54,2,58
2017-12-01,cine_photo,242.0,56,1,62
2017-12-01,la_cuisine,137.0,61,1,62
2017-12-01,diapers_and_hygiene,76.0,62,1,62
2017-12-01,cds_dvds_musicals,65.0,63,1,62
2017-12-01,fashion_sport,60.0,64,1,62
2017-12-01,flowers,60.0,64,1,62
2018-01-01,bed_bath_table,72802.0,1,690,1
2018-01-01,health_beauty,62912.0,5,515,2
2018-01-01,sports_leisure,65319.0,4,492,3
2018-01-01,furniture_decor,49675.0,6,429,4
2018-01-01,computers_accessories,67288.0,3,412,5
2018-01-01,stationery,36911.0,8,344,6
2018-01-01,watches_gifts,68853.0,2,332,7
2018-01-01,cool_stuff,41079.0,7,296,8
2018-01-01,telephony,12692.0,20,292,9
2018-01-01,electronics,14160.0,19,285,10
2018-01-01,housewares,32012.0,11,271,11
2018-01-01,garden_tools,24541.0,13,240,12
2018-01-01,auto,35364.0,9,228,13
2018-01-01,toys,34419.0,10,224,14
2018-01-01,perfumery,22631.0,14,218,15
2018-01-01,baby,25894.0,12,186,16
2018-01-01,,20413.0,15,164,17
2018-01-01,fashion_bags_accessories,9330.0,25,128,18
2018-01-01,luggage_accessories,15039.0,17,97,19
2018-01-01,pet_shop,11297.0,21,82,20
2018-01-01,consoles_games,7243.0,26,81,21
2018-01-01,musical_instruments,14705.0,18,57,22
2018-01-01,office_furniture,9465.0,24,53,23
2018-01-01,books_general_interest,2684.0,34,46,24
2018-01-01,small_appliances,10207.0,22,36,25
2018-01-01,drinks,2490.0,36,36,25
2018-01-01,construction_tools_construction,6609.0,27,32,27
2018-01-01,audio,4505.0,29,25,28
2018-01-01,home_construction,4491.0,30,24,29
2018-01-01,computers,15188.0,16,23,30
2018-01-01,home_appliances,1491.0,40,22,31
2018-01-01,costruction_tools_garden,3460.0,32,19,32
2018-01-01,home_confort,3200.0,33,19,32
2018-01-01,industry_commerce_and_business,2114.0,37,17,34
2018-01-01,furniture_living_room,2031.0,38,16,35
2018-01-01,market_place,864.0,47,16,35
2018-01-01,kitchen_dining_laundry_garden_furniture,4292.0,31,15,37
2018-01-01,agro_industry_and_commerce,9859.0,23,14,38
2018-01-01,food_drink,683.0,52,14,38
2018-01-01,food,743.0,49,13,40
2018-01-01,air_conditioning,1900.0,39,11,41
2018-01-01,fashion_underwear_beach,1243.0,42,11,41
2018-01-01,christmas_supplies,703.0,51,11,41
2018-01-01,art,1370.0,41,10,44
2018-01-01,fixed_telephony,1112.0,44,8,45
2018-01-01,furniture_mattress_and_upholstery,958.0,46,8,45
2018-01-01,fashion_shoes,731.0,50,8,45
2018-01-01,books_technical,680.0,53,8,45
2018-01-01,flowers,286.0,58,7,49
2018-01-01,costruction_tools_tools,555.0,55,7,49
2018-01-01,home_appliances_2,4819.0,28,7,49
2018-01-01,construction_tools_safety,833.0,48,7,49
2018-01-01,construction_tools_lights,2511.0,35,7,49
2018-01-01,furniture_bedroom,1100.0,45,6,54
2018-01-01,signaling_and_security,1199.0,43,6,54
2018-01-01,books_imported,458.0,56,5,56
2018-01-01,fashion_male_clothing,652.0,54,4,57
2018-01-01,cine_photo,200.0,59,2,58
2018-01-01,fashion_sport,120.0,60,2,58
2018-01-01,tablets_printing_image,110.0,62,2,58
2018-01-01,fashio_female_clothing,96.0,63,2,58
2018-01-01,dvds_blu_ray,25.0,64,1,62
2018-01-01,small_appliances_home_oven_and_coffee,370.0,57,1,62
2018-01-01,la_cuisine,112.0,61,1,62
2018-01-01,music,25.0,64,1,62
2018-02-01,computers_accessories,70676.0,3,587,1
2018-02-01,bed_bath_table,60327.0,4,563,2
2018-02-01,sports_leisure,77068.0,1,512,3
2018-02-01,health_beauty,71428.0,2,495,4
2018-02-01,furniture_decor,36936.0,6,330,5
2018-02-01,telephony,12972.0,17,321,6
2018-02-01,housewares,31705.0,8,278,7
2018-02-01,watches_gifts,55074.0,5,258,8
2018-02-01,auto,36157.0,7,243,9
2018-02-01,electronics,11551.0,19,239,10
2018-02-01,garden_tools,24780.0,10,211,11
2018-02-01,stationery,17877.0,13,182,12
2018-02-01,perfumery,19024.0,11,179,13
2018-02-01,cool_stuff,26849.0,9,160,14
2018-02-01,baby,18510.0,12,159,15
2018-02-01,toys,13662.0,16,125,16
2018-02-01,,14654.0,15,124,17
2018-02-01,fashion_bags_accessories,7337.0,24,96,18
2018-02-01,office_furniture,17206.0,14,82,19
2018-02-01,luggage_accessories,10195.0,20,70,20
2018-02-01,pet_shop,7144.0,25,67,21
2018-02-01,construction_tools_construction,9838.0,21,47,22
2018-02-01,small_appliances,8994.0,22,39,23
2018-02-01,home_appliances,4628.0,30,35,24
2018-02-01,consoles_games,6351.0,27,33,25
2018-02-01,musical_instruments,7785.0,23,29,26
2018-02-01,drinks,2374.0,37,28,27
2018-02-01,books_general_interest,1513.0,43,24,28
2018-02-01,books_technical,1590.0,42,23,29
2018-02-01,home_construction,5505.0,28,23,29
2018-02-01,industry_commerce_and_business,4300.0,31,21,31
2018-02-01,furniture_living_room,2310.0,39,20,32
2018-02-01,kitchen_dining_laundry_garden_furniture,4035.0,32,19,33
2018-02-01,home_confort,2539.0,34,19,33
2018-02-01,food,982.0,45,19,33
2018-02-01,home_appliances_2,11711.0,18,19,33
2018-02-01,audio,2503.0,35,18,37
2018-02-01,art,1833.0,40,16,38
2018-02-01,costruction_tools_garden,2332.0,38,16,38
2018-02-01,air_conditioning,3576.0,33,15,40
2018-02-01,agro_industry_and_commerce,5146.0,29,15,40
2018-02-01,market_place,1701.0,41,12,42
2018-02-01,christmas_supplies,1012.0,44,12,42
2018-02-01,construction_tools_safety,7007.0,26,10,44
2018-02-01,food_drink,462.0,51,10,44
2018-02-01,signaling_and_security,939.0,46,9,46
2018-02-01,fixed_telephony,2474.0,36,9,46
2018-02-01,fashion_shoes,815.0,47,8,48
2018-02-01,costruction_tools_tools,422.0,53,6,49
2018-02-01,fashion_underwear_beach,270.0,55,5,50
2018-02-01,tablets_printing_image,267.0,56,5,50
2018-02-01,flowers,156.0,58,5,50
2018-02-01,construction_tools_lights,653.0,49,5,50
2018-02-01,books_imported,450.0,52,4,54
2018-02-01,furniture_mattress_and_upholstery,312.0,54,4,54
2018-02-01,fashion_male_clothing,251.0,57,3,56
2018-02-01,small_appliances_home_oven_and_coffee,775.0,48,2,57
2018-02-01,party_supplies,136.0,59,2,57
2018-02-01,fashio_female_clothing,96.0,61,2,57
2018-02-01,dvds_blu_ray,50.0,62,2,57
2018-02-01,music,25.0,63,1,61
2018-02-01,computers,599.0,50,1,61
2018-02-01,diapers_and_hygiene,125.0,60,1,61
2018-03-01,computers_accessories,102920.0,1,758,1
2018-03-01,sports_leisure,79547.0,3,620,2
2018-03-01,bed_bath_table,62229.0,5,588,3
2018-03-01,health_beauty,82744.0,2,577,4
2018-03-01,furniture_decor,48138.0,6,397,5
2018-03-01,housewares,36695.0,8,358,6
2018-03-01,watches_gifts,66415.0,4,315,7
2018-03-01,telephony,16029.0,16,313,8
2018-03-01,electronics,12380.0,19,300,9
2018-03-01,auto,42200.0,7,292,10
2018-03-01,cool_stuff,34425.0,9,222,11
2018-03-01,garden_tools,24738.0,12,206,12
2018-03-01,perfumery,20231.0,13,192,13
2018-03-01,baby,32430.0,10,189,14
2018-03-01,toys,17660.0,15,169,15
2018-03-01,stationery,11907.0,20,141,16
2018-03-01,,18484.0,14,132,17
2018-03-01,fashion_bags_accessories,11513.0,21,119,18
2018-03-01,office_furniture,25398.0,11,115,19
2018-03-01,pet_shop,10086.0,24,93,20
2018-03-01,consoles_games,13845.0,17,63,21
2018-03-01,home_appliances,7857.0,25,63,21
2018-03-01,construction_tools_construction,11415.0,22,50,23
2018-03-01,musical_instruments,11195.0,23,49,24
2018-03-01,luggage_accessories,6246.0,27,44,25
2018-03-01,books_general_interest,2211.0,38,37,26
2018-03-01,small_appliances,13440.0,18,36,27
2018-03-01,food,1842.0,42,35,28
2018-03-01,home_construction,5288.0,29,33,29
2018-03-01,agro_industry_and_commerce,7129.0,26,29,30
2018-03-01,furniture_living_room,5308.0,28,24,31
2018-03-01,food_drink,1246.0,47,21,32
2018-03-01,industry_commerce_and_business,2658.0,37,19,33
2018-03-01,drinks,848.0,49,19,33
2018-03-01,books_technical,1116.0,48,18,35
2018-03-01,costruction_tools_garden,2039.0,40,18,35
2018-03-01,market_place,1498.0,45,17,37
2018-03-01,air_conditioning,2821.0,35,15,38
2018-03-01,home_confort,2000.0,41,15,38
2018-03-01,audio,4440.0,30,14,40
2018-03-01,christmas_supplies,1701.0,43,13,41
2018-03-01,kitchen_dining_laundry_garden_furniture,3847.0,32,12,42
2018-03-01,home_appliances_2,2821.0,35,10,43
2018-03-01,tablets_printing_image,739.0,51,10,43
2018-03-01,costruction_tools_tools,1323.0,46,10,43
2018-03-01,construction_tools_lights,2063.0,39,9,46
2018-03-01,furniture_bedroom,1565.0,44,9,46
2018-03-01,construction_tools_safety,3489.0,34,9,46
2018-03-01,fashion_underwear_beach,419.0,58,7,49
2018-03-01,fashion_shoes,611.0,54,7,49
2018-03-01,signaling_and_security,552.0,56,6,51
2018-03-01,furniture_mattress_and_upholstery,555.0,55,6,51
2018-03-01,small_appliances_home_oven_and_coffee,3965.0,31,6,51
2018-03-01,fixed_telephony,3756.0,33,6,51
2018-03-01,art,695.0,52,6,51
2018-03-01,cine_photo,482.0,57,5,56
2018-03-01,party_supplies,683.0,53,4,57
2018-03-01,fashion_male_clothing,388.0,59,3,58
2018-03-01,books_imported,336.0,60,3,58
2018-03-01,fashion_childrens_clothes,80.0,65,2,60
2018-03-01,home_comfort_2,48.0,66,2,60
2018-03-01,dvds_blu_ray,25.0,68,1,62
2018-03-01,computers,790.0,50,1,62
2018-03-01,music,220.0,61,1,62
2018-03-01,fashio_female_clothing,120.0,62,1,62
2018-03-01,diapers_and_hygiene,100.0,63,1,62
2018-03-01,fashion_sport,90.0,64,1,62
2018-03-01,flowers,30.0,67,1,62
2018-04-01,bed_bath_table,85397.0,5,741,1
2018-04-01,health_beauty,94796.0,2,674,2
2018-04-01,computers_accessories,86665.0,3,669,3
2018-04-01,sports_leisure,85449.0,4,663,4
2018-04-01,furniture_decor,61286.0,6,508,5
2018-04-01,watches_gifts,109805.0,1,476,6
2018-04-01,housewares,43445.0,9,412,7
2018-04-01,auto,56034.0,7,397,8
2018-04-01,telephony,22335.0,14,317,9
2018-04-01,baby,52932.0,8,248,10
2018-04-01,garden_tools,30703.0,11,231,11
2018-04-01,toys,26616.0,13,228,12
2018-04-01,cool_stuff,37609.0,10,227,13
2018-04-01,electronics,14501.0,20,221,14
2018-04-01,perfumery,20813.0,15,194,15
2018-04-01,stationery,14833.0,19,163,16
2018-04-01,pet_shop,18532.0,17,151,17
2018-04-01,office_furniture,28475.0,12,137,18
2018-04-01,fashion_bags_accessories,8903.0,30,115,19
2018-04-01,,11166.0,27,104,20
2018-04-01,home_appliances,14257.0,21,101,21
2018-04-01,construction_tools_construction,12700.0,24,69,22
2018-04-01,musical_instruments,18715.0,16,64,23
2018-04-01,small_appliances,13126.0,23,60,24
2018-04-01,home_construction,9992.0,29,58,25
2018-04-01,luggage_accessories,8147.0,31,55,26
2018-04-01,consoles_games,12099.0,25,49,27
2018-04-01,industry_commerce_and_business,4956.0,32,45,28
2018-04-01,food,1961.0,43,42,29
2018-04-01,audio,10663.0,28,40,30
2018-04-01,construction_tools_lights,4763.0,33,33,31
2018-04-01,books_general_interest,4557.0,34,32,32
2018-04-01,drinks,2452.0,42,31,33
2018-04-01,air_conditioning,3719.0,38,27,34
2018-04-01,home_confort,3194.0,41,24,35
2018-04-01,home_appliances_2,16639.0,18,23,36
2018-04-01,kitchen_dining_laundry_garden_furniture,3953.0,37,22,37
2018-04-01,books_technical,1036.0,51,21,38
2018-04-01,construction_tools_safety,4289.0,35,20,39
2018-04-01,costruction_tools_tools,1837.0,44,19,40
2018-04-01,fixed_telephony,3393.0,40,18,41
2018-04-01,market_place,1082.0,50,17,42
2018-04-01,food_drink,1448.0,46,17,42
2018-04-01,art,1294.0,47,17,42
2018-04-01,fashion_shoes,1816.0,45,16,45
2018-04-01,furniture_living_room,3645.0,39,16,45
2018-04-01,signaling_and_security,1108.0,49,14,47
2018-04-01,christmas_supplies,746.0,52,12,48
2018-04-01,small_appliances_home_oven_and_coffee,13640.0,22,12,48
2018-04-01,agro_industry_and_commerce,4094.0,36,11,50
2018-04-01,costruction_tools_garden,705.0,53,11,50
2018-04-01,computers,11225.0,26,10,52
2018-04-01,furniture_bedroom,1149.0,48,6,53
2018-04-01,fashion_underwear_beach,359.0,56,6,53
2018-04-01,cine_photo,671.0,54,5,55
2018-04-01,music,335.0,57,3,56
2018-04-01,books_imported,299.0,58,3,56
2018-04-01,diapers_and_hygiene,192.0,60,3,56
2018-04-01,flowers,124.0,61,3,56
2018-04-01,dvds_blu_ray,100.0,63,3,56
2018-04-01,party_supplies,275.0,59,2,61
2018-04-01,home_comfort_2,39.0,65,2,61
2018-04-01,la_cuisine,669.0,55,2,61
2018-04-01,arts_and_craftmanship,16.0,66,1,64
2018-04-01,furniture_mattress_and_upholstery,110.0,62,1,64
2018-04-01,fashion_sport,90.0,64,1,64
2018-05-01,health_beauty,94842.0,2,704,1
2018-05-01,watches_gifts,116471.0,1,637,2
2018-05-01,bed_bath_table,65236.0,4,576,3
2018-05-01,sports_leisure,65934.0,3,505,4
2018-05-01,housewares,58713.0,5,482,5
2018-05-01,furniture_decor,53249.0,6,463,6
2018-05-01,computers_accessories,48510.0,7,404,7
2018-05-01,auto,43725.0,8,309,8
2018-05-01,telephony,18656.0,18,256,9
2018-05-01,garden_tools,42942.0,9,253,10
2018-05-01,electronics,12040.0,22,237,11
2018-05-01,baby,41878.0,10,225,12
2018-05-01,toys,29612.0,12,217,13
2018-05-01,cool_stuff,38465.0,11,203,14
2018-05-01,perfumery,20347.0,15,160,15
2018-05-01,pet_shop,15681.0,19,148,16
2018-05-01,stationery,12414.0,21,128,17
2018-05-01,fashion_bags_accessories,13232.0,20,114,18
2018-05-01,construction_tools_construction,19156.0,16,89,19
2018-05-01,office_furniture,20531.0,14,85,20
2018-05-01,home_appliances,8595.0,24,69,21
2018-05-01,musical_instruments,19108.0,17,60,22
2018-05-01,books_general_interest,6611.0,29,56,23
2018-05-01,luggage_accessories,7406.0,28,50,24
2018-05-01,home_construction,7869.0,26,49,25
2018-05-01,industry_commerce_and_business,5664.0,32,48,26
2018-05-01,books_technical,2635.0,41,47,27
2018-05-01,,7494.0,27,44,28
2018-05-01,consoles_games,4158.0,36,40,29
2018-05-01,food,1698.0,50,39,30
2018-05-01,art,2585.0,42,35,31
2018-05-01,small_appliances,6472.0,30,34,32
2018-05-01,drinks,5300.0,33,34,32
2018-05-01,construction_tools_lights,4485.0,35,33,34
2018-05-01,home_appliances_2,22096.0,13,33,34
2018-05-01,audio,6310.0,31,30,36
2018-05-01,air_conditioning,2668.0,40,21,37
2018-05-01,construction_tools_safety,3181.0,39,20,38
2018-05-01,furniture_living_room,4530.0,34,19,39
2018-05-01,food_drink,1749.0,49,18,40
2018-05-01,home_confort,2462.0,43,17,41
2018-05-01,market_place,932.0,53,16,42
2018-05-01,signaling_and_security,2319.0,45,16,42
2018-05-01,costruction_tools_garden,1768.0,47,15,44
2018-05-01,kitchen_dining_laundry_garden_furniture,3218.0,38,12,45
2018-05-01,cine_photo,1841.0,46,12,45
2018-05-01,agro_industry_and_commerce,3426.0,37,11,47
2018-05-01,fashion_shoes,1759.0,48,11,47
2018-05-01,fixed_telephony,1675.0,51,10,49
2018-05-01,small_appliances_home_oven_and_coffee,11923.0,23,10,49
2018-05-01,christmas_supplies,648.0,54,10,49
2018-05-01,books_imported,218.0,59,9,52
2018-05-01,music,2362.0,44,8,53
2018-05-01,computers,8150.0,25,7,54
2018-05-01,dvds_blu_ray,434.0,55,7,54
2018-05-01,costruction_tools_tools,424.0,56,6,56
2018-05-01,fashion_underwear_beach,277.0,58,6,56
2018-05-01,furniture_bedroom,1386.0,52,5,58
2018-05-01,diapers_and_hygiene,162.0,61,4,59
2018-05-01,flowers,111.0,62,3,60
2018-05-01,fashion_male_clothing,325.0,57,2,61
2018-05-01,tablets_printing_image,102.0,63,2,61
2018-05-01,party_supplies,57.0,66,2,61
2018-05-01,fashio_female_clothing,175.0,60,1,64
2018-05-01,arts_and_craftmanship,90.0,64,1,64
2018-05-01,cds_dvds_musicals,65.0,65,1,64
2018-05-01,furniture_mattress_and_upholstery,45.0,67,1,64
2018-06-01,health_beauty,122082.0,1,808,1
2018-06-01,bed_bath_table,85334.0,3,749,2
2018-06-01,housewares,65655.0,4,522,3
2018-06-01,watches_gifts,104748.0,2,503,4
2018-06-01,computers_accessories,49768.0,6,402,5
2018-06-01,sports_leisure,47798.0,7,401,6
2018-06-01,furniture_decor,51524.0,5,394,7
2018-06-01,auto,44535.0,8,283,8
2018-06-01,telephony,27458.0,12,238,9
2018-06-01,baby,36580.0,9,227,10
2018-06-01,perfumery,31883.0,10,204,11
2018-06-01,toys,25924.0,13,202,12
2018-06-01,electronics,15882.0,20,194,13
2018-06-01,garden_tools,29047.0,11,193,14
2018-06-01,stationery,14564.0,21,163,15
2018-06-01,pet_shop,19139.0,17,154,16
2018-06-01,cool_stuff,20813.0,15,110,17
2018-06-01,construction_tools_construction,22850.0,14,106,18
2018-06-01,fashion_bags_accessories,8310.0,25,91,19
2018-06-01,home_construction,11714.0,22,75,20
2018-06-01,home_appliances,6587.0,27,74,21
2018-06-01,office_furniture,18528.0,19,71,22
2018-06-01,small_appliances,20752.0,16,52,23
2018-06-01,musical_instruments,18906.0,18,50,24
2018-06-01,luggage_accessories,6074.0,29,46,25
2018-06-01,books_technical,2418.0,42,39,26
2018-06-01,consoles_games,8511.0,24,37,27
2018-06-01,books_general_interest,3934.0,34,36,28
2018-06-01,art,3145.0,37,35,29
2018-06-01,drinks,1655.0,46,34,30
2018-06-01,construction_tools_lights,4785.0,32,34,30
2018-06-01,,3052.0,38,30,32
2018-06-01,food,1645.0,47,29,33
2018-06-01,furniture_living_room,3622.0,36,26,34
2018-06-01,industry_commerce_and_business,2428.0,41,22,35
2018-06-01,construction_tools_safety,5782.0,30,21,36
2018-06-01,home_confort,3017.0,39,21,36
2018-06-01,kitchen_dining_laundry_garden_furniture,2672.0,40,20,38
2018-06-01,audio,1990.0,44,17,39
2018-06-01,signaling_and_security,4989.0,31,15,40
2018-06-01,cine_photo,960.0,49,14,41
2018-06-01,fixed_telephony,2159.0,43,13,42
2018-06-01,fashion_shoes,1591.0,48,13,42
2018-06-01,home_appliances_2,6531.0,28,12,44
2018-06-01,costruction_tools_garden,837.0,50,12,44
2018-06-01,food_drink,543.0,53,10,46
2018-06-01,market_place,499.0,54,9,47
2018-06-01,air_conditioning,3636.0,35,9,47
2018-06-01,books_imported,560.0,52,8,49
2018-06-01,furniture_bedroom,1758.0,45,8,49
2018-06-01,costruction_tools_tools,759.0,51,7,51
2018-06-01,small_appliances_home_oven_and_coffee,7486.0,26,7,51
2018-06-01,agro_industry_and_commerce,4378.0,33,7,51
2018-06-01,computers,9557.0,23,6,54
2018-06-01,christmas_supplies,319.0,56,6,54
2018-06-01,diapers_and_hygiene,238.0,58,6,54
2018-06-01,dvds_blu_ray,398.0,55,5,57
2018-06-01,fashion_male_clothing,239.0,57,4,58
2018-06-01,fashion_underwear_beach,169.0,59,4,58
2018-06-01,music,162.0,60,4,58
2018-06-01,party_supplies,129.0,61,3,61
2018-06-01,home_comfort_2,26.0,64,1,62
2018-06-01,flowers,108.0,62,1,62
2018-06-01,fashion_childrens_clothes,90.0,63,1,62
2018-07-01,health_beauty,90568.0,2,697,1
2018-07-01,bed_bath_table,53824.0,4,516,2
2018-07-01,watches_gifts,91817.0,1,494,3
2018-07-01,housewares,52014.0,5,422,4
2018-07-01,sports_leisure,54825.0,3,389,5
2018-07-01,computers_accessories,38217.0,8,358,6
2018-07-01,furniture_decor,42477.0,7,334,7
2018-07-01,auto,43684.0,6,304,8
2018-07-01,baby,20036.0,10,180,9
2018-07-01,garden_tools,26815.0,9,167,10
2018-07-01,telephony,16199.0,15,165,11
2018-07-01,electronics,9731.0,20,161,12
2018-07-01,toys,16744.0,14,148,13
2018-07-01,perfumery,18650.0,12,138,14
2018-07-01,stationery,12038.0,18,129,15
2018-07-01,pet_shop,15588.0,16,124,16
2018-07-01,cool_stuff,19919.0,11,123,17
2018-07-01,construction_tools_construction,16979.0,13,102,18
2018-07-01,home_appliances,4651.0,33,68,19
2018-07-01,fashion_bags_accessories,4657.0,32,63,20
2018-07-01,home_construction,7423.0,25,61,21
2018-07-01,office_furniture,10315.0,19,59,22
2018-07-01,consoles_games,6896.0,26,54,23
2018-07-01,food,2246.0,41,43,24
2018-07-01,construction_tools_lights,6675.0,27,39,25
2018-07-01,luggage_accessories,3935.0,36,38,26
2018-07-01,furniture_living_room,5356.0,29,38,26
2018-07-01,,3534.0,39,37,28
2018-07-01,small_appliances,8507.0,22,34,29
2018-07-01,musical_instruments,9416.0,21,33,30
2018-07-01,audio,2525.0,40,26,31
2018-07-01,books_technical,1905.0,45,25,32
2018-07-01,agro_industry_and_commerce,5750.0,28,24,33
2018-07-01,books_general_interest,3820.0,37,24,33
2018-07-01,home_appliances_2,14032.0,17,23,35
2018-07-01,art,1914.0,44,21,36
2018-07-01,kitchen_dining_laundry_garden_furniture,4020.0,35,20,37
2018-07-01,signaling_and_security,4221.0,34,19,38
2018-07-01,costruction_tools_garden,1376.0,47,17,39
2018-07-01,industry_commerce_and_business,4930.0,30,17,39
2018-07-01,drinks,1053.0,49,16,41
2018-07-01,construction_tools_safety,2206.0,42,15,42
2018-07-01,home_confort,2148.0,43,14,43
2018-07-01,food_drink,583.0,52,12,44
2018-07-01,air_conditioning,1514.0,46,11,45
2018-07-01,fixed_telephony,8124.0,24,9,46
2018-07-01,small_appliances_home_oven_and_coffee,3651.0,38,8,47
2018-07-01,cine_photo,1136.0,48,8,47
2018-07-01,computers,8440.0,23,7,49
2018-07-01,christmas_supplies,280.0,58,7,49
2018-07-01,costruction_tools_tools,4872.0,31,6,51
2018-07-01,arts_and_craftmanship,387.0,56,6,51
2018-07-01,fashion_male_clothing,365.0,57,6,51
2018-07-01,books_imported,433.0,54,5,54
2018-07-01,market_place,394.0,55,4,55
2018-07-01,diapers_and_hygiene,194.0,59,4,55
2018-07-01,music,849.0,50,3,57
2018-07-01,furniture_bedroom,586.0,51,3,57
2018-07-01,fashion_shoes,469.0,53,3,57
2018-07-01,fashion_underwear_beach,110.0,61,2,60
2018-07-01,dvds_blu_ray,93.0,62,2,60
2018-07-01,party_supplies,58.0,63,2,60
2018-07-01,flowers,48.0,65,2,60
2018-07-01,home_comfort_2,26.0,66,1,64
2018-07-01,furniture_mattress_and_upholstery,130.0,60,1,64
2018-07-01,tablets_printing_image,50.0,64,1,64
2018-08-01,health_beauty,155806.0,1,981,1
2018-08-01,bed_bath_table,77979.0,4,702,2
2018-08-01,housewares,82728.0,3,700,3
2018-08-01,sports_leisure,64863.0,5,554,4
2018-08-01,watches_gifts,100749.0,2,539,5
2018-08-01,computers_accessories,54847.0,8,504,6
2018-08-01,auto,60326.0,6,450,7
2018-08-01,furniture_decor,56594.0,7,438,8
2018-08-01,telephony,51830.0,9,324,9
2018-08-01,baby,31463.0,12,286,10
2018-08-01,perfumery,32329.0,11,261,11
2018-08-01,stationery,23032.0,16,224,12
2018-08-01,pet_shop,32741.0,10,216,13
2018-08-01,toys,23233.0,15,192,14
2018-08-01,garden_tools,21908.0,17,154,15
2018-08-01,construction_tools_construction,26659.0,13,151,16
2018-08-01,electronics,13442.0,20,147,17
2018-08-01,fashion_bags_accessories,11130.0,22,147,17
2018-08-01,cool_stuff,25112.0,14,145,19
2018-08-01,food,9468.0,24,122,20
2018-08-01,home_appliances,8530.0,26,90,21
2018-08-01,luggage_accessories,8823.0,25,80,22
2018-08-01,office_furniture,16755.0,19,68,23
2018-08-01,consoles_games,7901.0,28,66,24
2018-08-01,construction_tools_lights,10025.0,23,66,24
2018-08-01,home_construction,8395.0,27,61,26
2018-08-01,furniture_living_room,7899.0,29,57,27
2018-08-01,,6182.0,33,52,28
2018-08-01,musical_instruments,11995.0,21,50,29
2018-08-01,books_general_interest,2715.0,43,42,30
2018-08-01,books_technical,1818.0,49,34,31
2018-08-01,small_appliances,7063.0,31,30,32
2018-08-01,drinks,1886.0,46,28,33
2018-08-01,audio,2470.0,44,28,33
2018-08-01,home_confort,3348.0,40,26,35
2018-08-01,construction_tools_safety,4373.0,37,26,35
2018-08-01,costruction_tools_garden,4547.0,35,24,37
2018-08-01,small_appliances_home_oven_and_coffee,4045.0,38,23,38
2018-08-01,kitchen_dining_laundry_garden_furniture,2889.0,41,23,38
2018-08-01,art,1841.0,48,23,38
2018-08-01,air_conditioning,4871.0,34,23,38
2018-08-01,agro_industry_and_commerce,7448.0,30,22,42
2018-08-01,food_drink,1335.0,50,21,43
2018-08-01,signaling_and_security,2410.0,45,21,43
2018-08-01,home_appliances_2,6770.0,32,20,45
2018-08-01,costruction_tools_tools,1842.0,47,17,46
2018-08-01,furniture_bedroom,3455.0,39,17,46
2018-08-01,computers,18181.0,18,15,48
2018-08-01,fixed_telephony,4423.0,36,14,49
2018-08-01,party_supplies,1285.0,51,14,49
2018-08-01,christmas_supplies,864.0,55,13,51
2018-08-01,arts_and_craftmanship,1169.0,52,13,51
2018-08-01,industry_commerce_and_business,2760.0,42,10,53
2018-08-01,market_place,980.0,54,9,54
2018-08-01,cine_photo,690.0,57,9,54
2018-08-01,fashion_shoes,1122.0,53,7,56
2018-08-01,music,498.0,58,6,57
2018-08-01,fashion_male_clothing,435.0,59,4,58
2018-08-01,diapers_and_hygiene,279.0,60,4,58
2018-08-01,books_imported,794.0,56,3,60
2018-08-01,fashion_underwear_beach,220.0,61,2,61
2018-08-01,fashio_female_clothing,130.0,62,2,61
2018-08-01,dvds_blu_ray,9.0,65,1,63
2018-08-01,fashion_sport,70.0,63,1,63
2018-08-01,home_comfort_2,13.0,64,1,63
2018-09-01,health_beauty,2729.0,1,8,1
2018-09-01,sports_leisure,864.0,5,7,2
2018-09-01,furniture_decor,466.0,8,6,3
2018-09-01,watches_gifts,1178.0,3,5,4
2018-09-01,housewares,636.0,6,4,5
2018-09-01,cool_stuff,625.0,7,4,5
2018-09-01,computers_accessories,326.0,11,4,5
2018-09-01,telephony,904.0,4,3,8
2018-09-01,bed_bath_table,346.0,10,3,8
2018-09-01,fashion_bags_accessories,100.0,15,2,10
2018-09-01,home_appliances_2,2350.0,2,1,11
2018-09-01,small_appliances,349.0,9,1,11
2018-09-01,auto,167.0,12,1,11
2018-09-01,construction_tools_lights,120.0,13,1,11
2018-09-01,electronics,104.0,14,1,11
2018-09-01,market_place,60.0,16,1,11
2018-09-01,costruction_tools_tools,43.0,17,1,11
2018-09-01,home_appliances,41.0,18,1,11
2018-09-01,construction_tools_construction,39.0,19,1,11
2018-09-01,stationery,24.0,20,1,11
2018-10-01,watches_gifts,179.0,1,1,1
2018-10-01,furniture_decor,70.0,2,1,1
2018-10-01,bed_bath_table,26.0,3,1,1