state,product_category_name_english,total_revenue,total_revenue_ranking,order_count,order_count_ranking
AC,sports_leisure,1677.0,1,9,1
AC,furniture_decor,1316.0,4,7,2
AC,health_beauty,1387.0,3,6,3
AC,computers_accessories,1239.0,5,6,3
AC,telephony,1104.0,7,5,5
AC,electronics,488.0,15,4,6
AC,auto,541.0,12,4,6
AC,watches_gifts,1390.0,2,4,6
AC,baby,698.0,8,3,9
AC,bed_bath_table,568.0,11,3,9
AC,housewares,513.0,14,3,9
AC,perfumery,304.0,17,3,9
AC,toys,235.0,20,3,9
AC,books_general_interest,634.0,9,2,14
AC,garden_tools,629.0,10,2,14
AC,stationery,529.0,13,2,14
AC,luggage_accessories,349.0,16,2,14
AC,fashion_shoes,296.0,18,2,14
AC,,67.0,25,2,14
AC,computers,1200.0,6,1,20
AC,consoles_games,276.0,19,1,20
AC,cool_stuff,100.0,21,1,20
AC,fashion_bags_accessories,90.0,22,1,20
AC,furniture_living_room,80.0,23,1,20
AC,christmas_supplies,70.0,24,1,20
AC,market_place,63.0,26,1,20
AC,small_appliances,54.0,27,1,20
AC,musical_instruments,37.0,28,1,20
AL,health_beauty,12681.0,1,62,1
AL,watches_gifts,11605.0,2,34,2
AL,computers_accessories,7606.0,3,32,3
AL,sports_leisure,3698.0,6,31,4
AL,telephony,4434.0,5,25,5
AL,furniture_decor,3588.0,7,24,6
AL,auto,4579.0,4,21,7
AL,bed_bath_table,1930.0,13,18,8
AL,cool_stuff,2401.0,9,15,9
AL,electronics,326.0,32,12,10
AL,perfumery,1767.0,14,12,10
AL,garden_tools,1588.0,15,12,10
AL,toys,1053.0,17,12,10
AL,housewares,600.0,26,8,14
AL,stationery,655.0,24,8,14
AL,baby,729.0,23,7,16
AL,consoles_games,2683.0,8,7,16
AL,audio,550.0,28,5,18
AL,luggage_accessories,999.0,20,5,18
AL,fashion_bags_accessories,229.0,33,4,20
AL,,575.0,27,4,20
AL,fixed_telephony,732.0,21,4,20
AL,furniture_living_room,730.0,22,3,23
AL,office_furniture,1010.0,19,3,23
AL,home_construction,631.0,25,3,23
AL,fashion_shoes,346.0,31,3,23
AL,pet_shop,2196.0,11,3,23
AL,computers,2050.0,12,2,28
AL,home_appliances_2,2345.0,10,2,28
AL,market_place,220.0,34,2,28
AL,home_appliances,124.0,38,2,28
AL,construction_tools_construction,1045.0,18,1,32
AL,agro_industry_and_commerce,1476.0,16,1,32
AL,air_conditioning,540.0,29,1,32
AL,musical_instruments,367.0,30,1,32
AL,industry_commerce_and_business,199.0,35,1,32
AL,food,190.0,36,1,32
AL,kitchen_dining_laundry_garden_furniture,144.0,37,1,32
AL,drinks,15.0,43,1,32
AL,home_confort,90.0,39,1,32
AL,books_general_interest,61.0,40,1,32
AL,food_drink,44.0,41,1,32
AL,dvds_blu_ray,25.0,42,1,32
AM,health_beauty,2776.0,1,15,1
AM,telephony,766.0,7,14,2
AM,sports_leisure,1363.0,5,12,3
AM,computers_accessories,1816.0,3,10,4
AM,watches_gifts,1755.0,4,10,4
AM,bed_bath_table,681.0,13,7,6
AM,stationery,699.0,12,6,7
AM,toys,722.0,10,6,7
AM,garden_tools,1981.0,2,5,9
AM,baby,658.0,14,5,9
AM,housewares,409.0,20,4,11
AM,pet_shop,375.0,22,4,11
AM,home_construction,753.0,8,4,11
AM,electronics,59.0,33,4,11
AM,cool_stuff,639.0,15,4,11
AM,auto,724.0,9,4,11
AM,furniture_decor,215.0,23,4,11
AM,office_furniture,185.0,25,2,18
AM,consoles_games,423.0,19,2,18
AM,luggage_accessories,391.0,21,2,18
AM,home_appliances,191.0,24,2,18
AM,costruction_tools_garden,133.0,28,2,18
AM,perfumery,95.0,29,2,18
AM,music,16.0,38,1,24
AM,musical_instruments,439.0,18,1,24
AM,home_appliances_2,540.0,17,1,24
AM,,542.0,16,1,24
AM,market_place,180.0,26,1,24
AM,food,150.0,27,1,24
AM,audio,90.0,30,1,24
AM,air_conditioning,89.0,31,1,24
AM,books_general_interest,87.0,32,1,24
AM,computers,1340.0,6,1,24
AM,art,58.0,34,1,24
AM,tablets_printing_image,50.0,35,1,24
AM,drinks,47.0,36,1,24
AM,fixed_telephony,20.0,37,1,24
AM,fashion_bags_accessories,700.0,11,1,24
AP,health_beauty,1381.0,4,10,1
AP,watches_gifts,1640.0,2,7,2
AP,computers_accessories,2050.0,1,6,3
AP,sports_leisure,813.0,6,6,3
AP,housewares,490.0,10,4,5
AP,telephony,305.0,12,4,5
AP,auto,1216.0,5,3,7
AP,bed_bath_table,669.0,7,3,7
AP,electronics,608.0,8,3,7
AP,toys,298.0,13,3,7
AP,cool_stuff,314.0,11,2,11
AP,musical_instruments,294.0,14,2,11
AP,furniture_decor,271.0,15,2,11
AP,garden_tools,240.0,16,2,11
AP,stationery,235.0,17,2,11
AP,fixed_telephony,233.0,18,2,11
AP,art,146.0,19,2,11
AP,computers,1437.0,3,1,18
AP,agro_industry_and_commerce,590.0,9,1,18
AP,consoles_games,86.0,20,1,18
AP,pet_shop,60.0,21,1,18
BA,health_beauty,49955.0,1,319,1
BA,sports_leisure,37010.0,3,250,2
BA,telephony,20163.0,10,220,3
BA,bed_bath_table,24950.0,6,215,4
BA,watches_gifts,45632.0,2,214,5
BA,computers_accessories,32636.0,4,214,5
BA,furniture_decor,23121.0,8,197,7
BA,auto,29113.0,5,145,8
BA,garden_tools,23975.0,7,144,9
BA,housewares,16586.0,12,136,10
BA,cool_stuff,20142.0,11,133,11
BA,toys,14350.0,14,112,12
BA,electronics,6182.0,20,97,13
BA,baby,15072.0,13,92,14
BA,perfumery,9723.0,16,80,15
BA,stationery,7196.0,18,74,16
BA,fashion_bags_accessories,6746.0,19,69,17
BA,office_furniture,14226.0,15,61,18
BA,pet_shop,5656.0,22,53,19
BA,,5945.0,21,45,20
BA,home_appliances,2589.0,29,36,21
BA,musical_instruments,9630.0,17,31,22
BA,consoles_games,3848.0,26,31,22
BA,luggage_accessories,3085.0,27,30,24
BA,construction_tools_construction,4595.0,23,26,25
BA,computers,21044.0,9,19,26
BA,small_appliances,3872.0,25,18,27
BA,furniture_living_room,2494.0,30,17,28
BA,audio,1431.0,37,14,29
BA,books_general_interest,903.0,40,14,29
BA,food,933.0,39,14,29
BA,home_construction,2654.0,28,11,32
BA,art,899.0,41,10,33
BA,books_technical,721.0,47,10,33
BA,home_confort,1170.0,38,10,33
BA,fixed_telephony,4132.0,24,8,36
BA,christmas_supplies,703.0,48,8,36
BA,costruction_tools_garden,1569.0,36,7,38
BA,fashion_shoes,851.0,43,7,38
BA,signaling_and_security,726.0,46,6,40
BA,food_drink,550.0,52,6,40
BA,construction_tools_safety,2356.0,31,6,40
BA,fashion_male_clothing,864.0,42,6,40
BA,air_conditioning,833.0,44,6,40
BA,construction_tools_lights,744.0,45,6,40
BA,fashion_underwear_beach,633.0,50,5,46
BA,home_appliances_2,1895.0,34,5,46
BA,tablets_printing_image,506.0,53,5,46
BA,drinks,401.0,55,5,46
BA,market_place,2136.0,33,4,50
BA,furniture_bedroom,667.0,49,4,50
BA,costruction_tools_tools,590.0,51,4,50
BA,industry_commerce_and_business,465.0,54,4,50
BA,small_appliances_home_oven_and_coffee,1575.0,35,3,54
BA,cine_photo,315.0,56,3,54
BA,kitchen_dining_laundry_garden_furniture,202.0,57,3,54
BA,agro_industry_and_commerce,2257.0,32,3,54
BA,fashion_sport,125.0,58,2,58
BA,home_comfort_2,13.0,62,1,59
BA,fashion_childrens_clothes,90.0,59,1,59
BA,books_imported,77.0,60,1,59
BA,fashio_female_clothing,65.0,61,1,59
CE,health_beauty,31545.0,1,152,1
CE,watches_gifts,29025.0,2,127,2
CE,telephony,6913.0,12,88,3
CE,sports_leisure,10361.0,6,87,4
CE,computers_accessories,11552.0,5,79,5
CE,bed_bath_table,6801.0,13,67,6
CE,furniture_decor,8507.0,7,64,7
CE,toys,7793.0,9,61,8
CE,auto,11806.0,4,53,9
CE,perfumery,8303.0,8,52,10
CE,cool_stuff,12005.0,3,47,11
CE,garden_tools,5981.0,14,45,12
CE,housewares,6958.0,11,44,13
CE,electronics,3693.0,18,40,14
CE,baby,4548.0,16,30,15
CE,stationery,3034.0,22,30,15
CE,fashion_bags_accessories,2507.0,25,26,17
CE,office_furniture,4717.0,15,22,18
CE,luggage_accessories,3317.0,20,20,19
CE,consoles_games,3632.0,19,15,20
CE,,3014.0,23,14,21
CE,pet_shop,1141.0,31,13,22
CE,construction_tools_construction,1793.0,27,9,23
CE,musical_instruments,3262.0,21,7,24
CE,costruction_tools_garden,1988.0,26,7,24
CE,small_appliances,4356.0,17,7,24
CE,books_general_interest,1353.0,30,7,24
CE,computers,7097.0,10,6,28
CE,home_appliances,1611.0,28,6,28
CE,home_construction,1502.0,29,6,28
CE,food,349.0,39,5,31
CE,audio,903.0,32,5,31
CE,construction_tools_safety,883.0,33,5,31
CE,market_place,558.0,35,4,34
CE,home_confort,347.0,40,4,34
CE,fixed_telephony,370.0,38,3,36
CE,food_drink,292.0,41,3,36
CE,books_technical,256.0,42,3,36
CE,home_appliances_2,2654.0,24,3,36
CE,furniture_living_room,603.0,34,2,40
CE,agro_industry_and_commerce,453.0,36,2,40
CE,air_conditioning,446.0,37,2,40
CE,fashion_shoes,250.0,43,2,40
CE,industry_commerce_and_business,248.0,44,2,40
CE,christmas_supplies,160.0,46,2,40
CE,drinks,150.0,47,2,40
CE,fashion_male_clothing,30.0,52,1,47
CE,construction_tools_lights,220.0,45,1,47
CE,music,150.0,47,1,47
CE,kitchen_dining_laundry_garden_furniture,140.0,49,1,47
CE,costruction_tools_tools,93.0,50,1,47
CE,diapers_and_hygiene,60.0,51,1,47
CE,tablets_printing_image,30.0,52,1,47
DF,health_beauty,29543.0,2,219,1
DF,sports_leisure,22467.0,4,188,2
DF,bed_bath_table,16148.0,6,170,3
DF,watches_gifts,32292.0,1,141,4
DF,computers_accessories,23853.0,3,133,5
DF,housewares,12842.0,7,121,6
DF,furniture_decor,12021.0,9,108,7
DF,auto,17259.0,5,100,8
DF,toys,11337.0,10,89,9
DF,telephony,6050.0,16,82,10
DF,perfumery,9801.0,13,80,11
DF,cool_stuff,12096.0,8,77,12
DF,baby,8621.0,15,66,13
DF,electronics,2458.0,25,50,14
DF,garden_tools,9247.0,14,45,15
DF,stationery,4358.0,18,43,16
DF,fashion_bags_accessories,3148.0,19,39,17
DF,pet_shop,4918.0,17,34,18
DF,,2579.0,23,31,19
DF,consoles_games,2053.0,26,27,20
DF,luggage_accessories,2777.0,21,23,21
DF,small_appliances,10846.0,11,22,22
DF,office_furniture,2918.0,20,18,23
DF,audio,2048.0,27,16,24
DF,books_general_interest,1197.0,32,15,25
DF,home_appliances,1802.0,28,15,25
DF,construction_tools_construction,1086.0,33,10,27
DF,musical_instruments,2533.0,24,10,27
DF,home_construction,794.0,35,7,29
DF,food,511.0,43,7,29
DF,furniture_living_room,1406.0,29,7,29
DF,fashion_shoes,945.0,34,7,29
DF,art,566.0,40,6,33
DF,home_confort,522.0,41,6,33
DF,computers,10787.0,12,6,33
DF,kitchen_dining_laundry_garden_furniture,1324.0,30,5,36
DF,home_appliances_2,2734.0,22,5,36
DF,drinks,292.0,50,5,36
DF,christmas_supplies,311.0,48,5,36
DF,costruction_tools_garden,411.0,46,5,36
DF,industry_commerce_and_business,1272.0,31,5,36
DF,construction_tools_lights,788.0,36,4,42
DF,market_place,327.0,47,4,42
DF,food_drink,311.0,48,4,42
DF,signaling_and_security,626.0,39,4,42
DF,books_technical,673.0,38,4,42
DF,construction_tools_safety,520.0,42,3,47
DF,air_conditioning,468.0,45,3,47
DF,dvds_blu_ray,121.0,56,3,47
DF,fixed_telephony,73.0,59,3,47
DF,fashion_underwear_beach,146.0,53,2,51
DF,fashion_sport,25.0,61,1,52
DF,furniture_bedroom,510.0,44,1,52
DF,furniture_mattress_and_upholstery,249.0,51,1,52
DF,party_supplies,231.0,52,1,52
DF,fashio_female_clothing,130.0,54,1,52
DF,arts_and_craftmanship,129.0,55,1,52
DF,cine_photo,100.0,57,1,52
DF,security_and_services,100.0,57,1,52
DF,music,50.0,60,1,52
DF,small_appliances_home_oven_and_coffee,750.0,37,1,52
ES,bed_bath_table,22590.0,2,197,1
ES,sports_leisure,20086.0,3,156,2
ES,health_beauty,20038.0,4,151,3
ES,watches_gifts,28074.0,1,142,4
ES,computers_accessories,14424.0,5,137,5
ES,furniture_decor,12913.0,6,114,6
ES,telephony,8973.0,12,103,7
ES,housewares,11509.0,8,101,8
ES,toys,10458.0,11,92,9
ES,garden_tools,10492.0,10,83,10
ES,auto,11831.0,7,80,11
ES,electronics,3286.0,21,72,12
ES,cool_stuff,10910.0,9,63,13
ES,baby,8346.0,13,61,14
ES,perfumery,6578.0,16,60,15
ES,stationery,5503.0,17,47,16
ES,fashion_bags_accessories,3465.0,20,43,17
ES,office_furniture,5173.0,19,24,18
ES,pet_shop,2171.0,24,21,19
ES,musical_instruments,5247.0,18,19,20
ES,consoles_games,2027.0,26,19,20
ES,,1614.0,27,18,22
ES,home_appliances,1121.0,34,15,23
ES,luggage_accessories,2553.0,23,15,23
ES,home_construction,2149.0,25,14,25
ES,books_technical,1139.0,33,14,25
ES,audio,1198.0,31,13,27
ES,food,911.0,37,13,27
ES,furniture_living_room,1302.0,30,10,29
ES,home_confort,1448.0,29,10,29
ES,construction_tools_construction,2696.0,22,10,29
ES,books_general_interest,1595.0,28,8,32
ES,market_place,829.0,40,7,33
ES,food_drink,311.0,47,6,34
ES,fixed_telephony,8214.0,14,6,34
ES,air_conditioning,899.0,38,6,34
ES,construction_tools_lights,1012.0,36,5,37
ES,fashion_shoes,780.0,41,5,37
ES,costruction_tools_tools,514.0,43,4,39
ES,tablets_printing_image,1027.0,35,4,39
ES,signaling_and_security,860.0,39,4,39
ES,fashion_male_clothing,446.0,45,3,42
ES,small_appliances,669.0,42,3,42
ES,costruction_tools_garden,490.0,44,3,42
ES,computers,8058.0,15,3,42
ES,home_appliances_2,1150.0,32,3,42
ES,drinks,187.0,48,3,42
ES,agro_industry_and_commerce,442.0,46,2,48
ES,industry_commerce_and_business,136.0,49,2,48
ES,christmas_supplies,126.0,50,2,48
ES,flowers,78.0,55,2,48
ES,party_supplies,63.0,56,2,48
ES,fashio_female_clothing,115.0,51,1,53
ES,fashion_underwear_beach,110.0,52,1,53
ES,furniture_bedroom,100.0,53,1,53
ES,cine_photo,95.0,54,1,53
ES,art,50.0,57,1,53
ES,kitchen_dining_laundry_garden_furniture,48.0,58,1,53
ES,home_comfort_2,13.0,59,1,53
GO,health_beauty,27971.0,2,206,1
GO,bed_bath_table,22286.0,3,189,2
GO,sports_leisure,19232.0,4,147,3
GO,watches_gifts,31487.0,1,138,4
GO,telephony,5984.0,15,112,5
GO,computers_accessories,13828.0,8,110,6
GO,furniture_decor,12032.0,9,99,7
GO,housewares,14733.0,7,98,8
GO,cool_stuff,17492.0,5,83,9
GO,perfumery,9978.0,11,80,10
GO,garden_tools,15033.0,6,75,11
GO,auto,11309.0,10,74,12
GO,toys,7809.0,14,74,12
GO,baby,9500.0,12,52,14
GO,,8530.0,13,50,15
GO,fashion_bags_accessories,3121.0,20,44,16
GO,stationery,4554.0,17,42,17
GO,electronics,855.0,40,32,18
GO,pet_shop,4693.0,16,25,19
GO,office_furniture,3162.0,19,21,20
GO,consoles_games,2387.0,24,21,20
GO,home_appliances,597.0,42,13,22
GO,home_construction,2668.0,21,12,23
GO,books_general_interest,1163.0,34,12,23
GO,luggage_accessories,1633.0,26,12,23
GO,furniture_living_room,1382.0,31,10,26
GO,small_appliances,2595.0,22,9,27
GO,musical_instruments,1473.0,28,9,27
GO,construction_tools_construction,1233.0,32,8,29
GO,home_confort,1111.0,35,8,29
GO,audio,1975.0,25,7,31
GO,industry_commerce_and_business,1428.0,30,6,32
GO,fashion_shoes,1022.0,37,6,32
GO,air_conditioning,941.0,39,6,32
GO,market_place,307.0,51,6,32
GO,construction_tools_safety,622.0,41,6,32
GO,food,398.0,45,6,32
GO,agro_industry_and_commerce,1440.0,29,5,38
GO,costruction_tools_tools,2530.0,23,5,38
GO,signaling_and_security,1071.0,36,5,38
GO,construction_tools_lights,985.0,38,5,38
GO,costruction_tools_garden,331.0,48,5,38
GO,fashion_underwear_beach,458.0,43,5,38
GO,fixed_telephony,410.0,44,5,38
GO,home_comfort_2,65.0,60,4,45
GO,drinks,386.0,46,4,45
GO,christmas_supplies,362.0,47,3,47
GO,art,310.0,49,3,47
GO,fashion_male_clothing,309.0,50,3,47
GO,home_appliances_2,1538.0,27,3,47
GO,computers,3560.0,18,2,51
GO,kitchen_dining_laundry_garden_furniture,306.0,52,2,51
GO,fashio_female_clothing,205.0,53,2,51
GO,books_technical,197.0,54,2,51
GO,dvds_blu_ray,20.0,63,1,55
GO,furniture_bedroom,159.0,55,1,55
GO,la_cuisine,137.0,56,1,55
GO,cine_photo,119.0,57,1,55
GO,tablets_printing_image,99.0,58,1,55
GO,furniture_mattress_and_upholstery,85.0,59,1,55
GO,music,1166.0,33,1,55
GO,party_supplies,44.0,61,1,55
GO,flowers,25.0,62,1,55
MA,health_beauty,12668.0,1,82,1
MA,computers_accessories,12153.0,2,59,2
MA,telephony,4977.0,9,59,2
MA,sports_leisure,8429.0,4,58,4
MA,watches_gifts,9713.0,3,56,5
MA,auto,5291.0,7,38,6
MA,furniture_decor,4445.0,10,38,6
MA,cool_stuff,7160.0,5,33,8
MA,bed_bath_table,3965.0,12,32,9
MA,perfumery,4387.0,11,29,10
MA,baby,5249.0,8,26,11
MA,housewares,2385.0,16,22,12
MA,fashion_bags_accessories,1945.0,18,21,13
MA,toys,3161.0,15,20,14
MA,garden_tools,1946.0,17,18,15
MA,stationery,1456.0,20,16,16
MA,office_furniture,3716.0,13,14,17
MA,electronics,383.0,31,13,18
MA,musical_instruments,3477.0,14,9,19
MA,pet_shop,846.0,25,9,19
MA,,1399.0,21,9,19
MA,luggage_accessories,1202.0,24,8,22
MA,consoles_games,1332.0,22,6,23
MA,computers,6787.0,6,5,24
MA,home_construction,714.0,28,4,25
MA,market_place,672.0,30,4,25
MA,home_appliances,1298.0,23,3,27
MA,audio,734.0,27,3,27
MA,books_general_interest,299.0,32,3,27
MA,books_technical,106.0,40,3,27
MA,furniture_living_room,1520.0,19,2,31
MA,food_drink,104.0,41,2,31
MA,home_confort,686.0,29,2,31
MA,small_appliances,263.0,33,2,31
MA,fashion_sport,206.0,35,1,35
MA,air_conditioning,199.0,36,1,35
MA,tablets_printing_image,153.0,37,1,35
MA,industry_commerce_and_business,125.0,38,1,35
MA,christmas_supplies,117.0,39,1,35
MA,construction_tools_lights,250.0,34,1,35
MA,books_imported,749.0,26,1,35
MA,fixed_telephony,90.0,42,1,35
MA,cds_dvds_musicals,65.0,43,1,35
MA,fashion_male_clothing,60.0,44,1,35
MA,construction_tools_construction,50.0,45,1,35
MA,cine_photo,50.0,45,1,35
MA,fashion_shoes,28.0,47,1,35
MG,bed_bath_table,128760.0,2,1120,1
MG,health_beauty,154324.0,1,990,2
MG,computers_accessories,109078.0,5,862,3
MG,sports_leisure,109950.0,4,850,4
MG,furniture_decor,77585.0,6,715,5
MG,housewares,74911.0,7,685,6
MG,watches_gifts,121622.0,3,601,7
MG,garden_tools,59864.0,10,483,8
MG,auto,71514.0,8,461,9
MG,toys,57080.0,11,452,10
MG,telephony,34020.0,14,450,11
MG,cool_stuff,69901.0,9,429,12
MG,perfumery,47316.0,13,367,13
MG,baby,47510.0,12,340,14
MG,electronics,20811.0,22,259,15
MG,fashion_bags_accessories,23052.0,19,242,16
MG,stationery,24507.0,18,239,17
MG,pet_shop,31987.0,15,222,18
MG,luggage_accessories,22652.0,20,175,19
MG,,19250.0,24,173,20
MG,office_furniture,28150.0,16,134,21
MG,consoles_games,19583.0,23,119,22
MG,construction_tools_construction,17731.0,25,98,23
MG,home_appliances,5438.0,35,84,24
MG,musical_instruments,24680.0,17,68,25
MG,small_appliances,17143.0,26,59,26
MG,home_construction,8383.0,28,58,27
MG,home_confort,8098.0,29,53,28
MG,books_general_interest,4471.0,37,50,29
MG,furniture_living_room,7678.0,30,42,30
MG,fashion_shoes,3304.0,40,41,31
MG,construction_tools_lights,6267.0,33,36,32
MG,food,2063.0,43,34,33
MG,audio,5529.0,34,32,34
MG,market_place,2825.0,41,31,35
MG,books_technical,1901.0,46,28,36
MG,kitchen_dining_laundry_garden_furniture,3886.0,39,27,37
MG,construction_tools_safety,6653.0,31,23,38
MG,food_drink,1914.0,45,20,39
MG,costruction_tools_garden,2302.0,42,20,39
MG,drinks,1866.0,47,19,41
MG,home_appliances_2,6377.0,32,19,41
MG,computers,20973.0,21,18,43
MG,air_conditioning,4379.0,38,18,43
MG,art,1367.0,51,18,43
MG,fixed_telephony,1245.0,53,17,46
MG,costruction_tools_tools,1720.0,48,17,46
MG,christmas_supplies,1256.0,52,17,46
MG,agro_industry_and_commerce,12126.0,27,14,49
MG,industry_commerce_and_business,1676.0,49,14,49
MG,fashion_male_clothing,1537.0,50,14,49
MG,fashion_underwear_beach,1071.0,55,13,52
MG,signaling_and_security,754.0,57,10,53
MG,small_appliances_home_oven_and_coffee,4668.0,36,10,53
MG,tablets_printing_image,852.0,56,9,55
MG,fashio_female_clothing,476.0,61,7,56
MG,music,683.0,58,6,57
MG,arts_and_craftmanship,489.0,60,6,57
MG,furniture_bedroom,2039.0,44,6,57
MG,cine_photo,326.0,62,5,60
MG,books_imported,266.0,64,5,60
MG,party_supplies,1103.0,54,4,62
MG,dvds_blu_ray,269.0,63,4,62
MG,flowers,96.0,67,4,62
MG,home_comfort_2,39.0,69,3,65
MG,furniture_mattress_and_upholstery,561.0,59,3,65
MG,la_cuisine,266.0,64,2,67
MG,fashion_sport,265.0,66,2,67
MG,diapers_and_hygiene,43.0,68,1,69
MS,sports_leisure,9097.0,4,60,1
MS,bed_bath_table,5747.0,9,57,2
MS,health_beauty,11232.0,1,57,2
MS,computers_accessories,9739.0,3,54,4
MS,furniture_decor,5820.0,8,45,5
MS,housewares,10862.0,2,34,6
MS,toys,3558.0,13,32,7
MS,watches_gifts,6252.0,6,29,8
MS,baby,4610.0,11,28,9
MS,telephony,1476.0,20,26,10
MS,cool_stuff,5944.0,7,25,11
MS,auto,7143.0,5,24,12
MS,pet_shop,2570.0,14,22,13
MS,electronics,1513.0,19,20,14
MS,garden_tools,5095.0,10,20,14
MS,perfumery,1721.0,17,20,14
MS,stationery,1728.0,16,19,17
MS,fashion_bags_accessories,1031.0,22,14,18
MS,luggage_accessories,1366.0,21,9,19
MS,,636.0,28,9,19
MS,construction_tools_construction,1715.0,18,8,21
MS,musical_instruments,3583.0,12,7,22
MS,home_appliances,252.0,39,6,23
MS,home_construction,1019.0,23,6,23
MS,consoles_games,468.0,32,6,23
MS,small_appliances,280.0,38,5,26
MS,construction_tools_lights,905.0,24,5,26
MS,office_furniture,740.0,27,4,28
MS,fashion_shoes,546.0,30,4,28
MS,food,384.0,36,4,28
MS,books_technical,171.0,46,4,28
MS,drinks,200.0,41,4,28
MS,agro_industry_and_commerce,527.0,31,3,33
MS,home_appliances_2,770.0,25,3,33
MS,dvds_blu_ray,449.0,33,3,33
MS,fashion_underwear_beach,442.0,34,3,33
MS,furniture_living_room,419.0,35,3,33
MS,costruction_tools_garden,181.0,44,2,38
MS,market_place,119.0,48,2,38
MS,construction_tools_safety,2186.0,15,2,38
MS,books_general_interest,231.0,40,2,38
MS,computers,599.0,29,1,42
MS,audio,191.0,43,1,42
MS,tablets_printing_image,198.0,42,1,42
MS,furniture_bedroom,179.0,45,1,42
MS,small_appliances_home_oven_and_coffee,750.0,26,1,42
MS,art,130.0,47,1,42
MS,signaling_and_security,358.0,37,1,42
MS,industry_commerce_and_business,90.0,49,1,42
MS,home_confort,87.0,50,1,42
MS,christmas_supplies,36.0,51,1,42
MS,fixed_telephony,33.0,52,1,42
MS,flowers,31.0,53,1,42
MS,food_drink,19.0,54,1,42
MS,costruction_tools_tools,7.0,55,1,42
MT,health_beauty,15242.0,1,83,1
MT,sports_leisure,7671.0,6,67,2
MT,watches_gifts,15007.0,2,59,3
MT,telephony,3125.0,17,58,4
MT,bed_bath_table,7126.0,8,56,5
MT,furniture_decor,6569.0,10,54,6
MT,auto,10087.0,3,49,7
MT,computers_accessories,8873.0,4,45,8
MT,cool_stuff,7344.0,7,44,9
MT,housewares,3641.0,14,40,10
MT,toys,5857.0,11,39,11
MT,garden_tools,7849.0,5,35,12
MT,baby,6832.0,9,32,13
MT,stationery,3113.0,18,24,14
MT,perfumery,2837.0,22,22,15
MT,electronics,986.0,29,22,15
MT,office_furniture,3721.0,13,14,17
MT,pet_shop,2906.0,20,13,18
MT,fashion_bags_accessories,475.0,43,12,19
MT,,1042.0,27,12,19
MT,consoles_games,1330.0,23,9,21
MT,home_appliances,1022.0,28,8,22
MT,luggage_accessories,1140.0,24,8,22
MT,construction_tools_construction,3216.0,16,7,24
MT,small_appliances,3503.0,15,7,24
MT,home_construction,1085.0,25,6,26
MT,food,734.0,31,6,26
MT,books_technical,301.0,45,5,28
MT,musical_instruments,3819.0,12,5,28
MT,market_place,662.0,35,5,28
MT,construction_tools_safety,1064.0,26,4,31
MT,audio,672.0,34,4,31
MT,air_conditioning,586.0,39,3,33
MT,industry_commerce_and_business,281.0,46,3,33
MT,home_confort,688.0,32,3,33
MT,fashion_shoes,479.0,42,3,33
MT,construction_tools_lights,650.0,37,3,33
MT,furniture_living_room,520.0,41,3,33
MT,computers,2890.0,21,2,39
MT,agro_industry_and_commerce,530.0,40,2,39
MT,home_appliances_2,606.0,38,2,39
MT,kitchen_dining_laundry_garden_furniture,660.0,36,2,39
MT,tablets_printing_image,51.0,51,2,39
MT,books_general_interest,45.0,52,2,39
MT,cine_photo,676.0,33,1,45
MT,furniture_bedroom,470.0,44,1,45
MT,small_appliances_home_oven_and_coffee,750.0,30,1,45
MT,signaling_and_security,2919.0,19,1,45
MT,costruction_tools_tools,190.0,47,1,45
MT,fashion_male_clothing,148.0,48,1,45
MT,christmas_supplies,80.0,49,1,45
MT,art,70.0,50,1,45
MT,fashio_female_clothing,35.0,53,1,45
MT,drinks,19.0,54,1,45
PA,health_beauty,23546.0,1,99,1
PA,computers_accessories,11391.0,4,80,2
PA,sports_leisure,12299.0,3,72,3
PA,watches_gifts,21636.0,2,71,4
PA,telephony,8037.0,8,70,5
PA,furniture_decor,8868.0,7,52,6
PA,cool_stuff,6454.0,10,46,7
PA,auto,7572.0,9,44,8
PA,baby,9883.0,5,42,9
PA,bed_bath_table,3507.0,16,34,10
PA,perfumery,4480.0,13,33,11
PA,housewares,4595.0,12,30,12
PA,fashion_bags_accessories,2103.0,21,29,13
PA,garden_tools,5718.0,11,27,14
PA,toys,3732.0,15,27,14
PA,electronics,2876.0,19,27,14
PA,stationery,2497.0,20,22,17
PA,office_furniture,3885.0,14,20,18
PA,,9528.0,6,18,19
PA,consoles_games,2014.0,22,14,20
PA,pet_shop,1980.0,23,11,21
PA,home_appliances,640.0,28,9,22
PA,musical_instruments,1733.0,24,9,22
PA,small_appliances,3366.0,17,8,24
PA,luggage_accessories,1516.0,25,7,25
PA,market_place,485.0,33,5,26
PA,computers,3319.0,18,4,27
PA,tablets_printing_image,362.0,34,4,27
PA,fashion_shoes,542.0,31,4,27
PA,fashion_underwear_beach,182.0,38,3,30
PA,books_general_interest,172.0,40,3,30
PA,agro_industry_and_commerce,1110.0,26,2,32
PA,construction_tools_construction,488.0,32,2,32
PA,fashion_male_clothing,257.0,35,2,32
PA,cine_photo,250.0,36,2,32
PA,art,170.0,41,2,32
PA,books_technical,149.0,44,2,32
PA,home_construction,250.0,36,2,32
PA,audio,568.0,30,1,39
PA,fixed_telephony,578.0,29,1,39
PA,christmas_supplies,701.0,27,1,39
PA,furniture_living_room,180.0,39,1,39
PA,costruction_tools_tools,27.0,51,1,39
PA,fashion_sport,160.0,42,1,39
PA,signaling_and_security,150.0,43,1,39
PA,costruction_tools_garden,140.0,45,1,39
PA,books_imported,130.0,46,1,39
PA,drinks,105.0,47,1,39
PA,food_drink,65.0,48,1,39
PA,kitchen_dining_laundry_garden_furniture,49.0,49,1,39
PA,construction_tools_lights,29.0,50,1,39
PB,health_beauty,15692.0,1,75,1
PB,watches_gifts,13103.0,2,41,2
PB,computers_accessories,7195.0,3,40,3
PB,furniture_decor,4442.0,7,31,4
PB,bed_bath_table,3495.0,10,29,5
PB,sports_leisure,4095.0,9,28,6
PB,telephony,3148.0,13,24,7
PB,cool_stuff,5458.0,6,22,8
PB,auto,4141.0,8,22,8
PB,housewares,2444.0,16,18,10
PB,perfumery,2402.0,17,18,10
PB,stationery,2130.0,19,16,12
PB,toys,3408.0,11,15,13
PB,garden_tools,5590.0,5,14,14
PB,electronics,2573.0,15,13,15
PB,baby,1843.0,22,12,16
PB,fashion_bags_accessories,1061.0,25,11,17
PB,pet_shop,786.0,30,8,18
PB,,2744.0,14,8,18
PB,luggage_accessories,1066.0,24,7,20
PB,consoles_games,873.0,29,7,20
PB,office_furniture,1191.0,23,7,20
PB,home_construction,959.0,28,5,23
PB,musical_instruments,1008.0,27,4,24
PB,computers,7128.0,4,4,24
PB,small_appliances,2068.0,20,4,24
PB,fixed_telephony,1846.0,21,4,24
PB,industry_commerce_and_business,3322.0,12,3,28
PB,construction_tools_safety,590.0,32,3,28
PB,furniture_living_room,473.0,33,3,28
PB,books_general_interest,185.0,38,3,28
PB,home_appliances,2310.0,18,2,32
PB,food,127.0,40,2,32
PB,market_place,423.0,34,2,32
PB,signaling_and_security,1050.0,26,1,35
PB,air_conditioning,36.0,47,1,35
PB,costruction_tools_garden,600.0,31,1,35
PB,kitchen_dining_laundry_garden_furniture,409.0,35,1,35
PB,costruction_tools_tools,309.0,36,1,35
PB,construction_tools_construction,227.0,37,1,35
PB,fashion_shoes,144.0,39,1,35
PB,art,111.0,41,1,35
PB,fashio_female_clothing,110.0,42,1,35
PB,home_confort,87.0,43,1,35
PB,audio,79.0,44,1,35
PB,agro_industry_and_commerce,60.0,45,1,35
PB,diapers_and_hygiene,47.0,46,1,35
PE,health_beauty,40685.0,1,220,1
PE,watches_gifts,30895.0,2,145,2
PE,sports_leisure,18246.0,3,127,3
PE,telephony,10560.0,7,120,4
PE,computers_accessories,12983.0,5,100,5
PE,bed_bath_table,9144.0,8,80,6
PE,auto,10934.0,6,75,7
PE,cool_stuff,14246.0,4,73,8
PE,furniture_decor,9019.0,9,71,9
PE,garden_tools,6765.0,12,57,10
PE,toys,8411.0,10,54,11
PE,housewares,5102.0,17,53,12
PE,stationery,4472.0,19,46,13
PE,perfumery,6509.0,13,45,14
PE,baby,4939.0,18,41,15
PE,electronics,1895.0,25,34,16
PE,fashion_bags_accessories,2169.0,24,31,17
PE,pet_shop,2865.0,22,22,18
PE,consoles_games,5572.0,16,19,19
PE,office_furniture,3520.0,21,19,19
PE,,4268.0,20,18,21
PE,luggage_accessories,1635.0,26,13,22
PE,musical_instruments,6411.0,14,11,23
PE,fashion_shoes,1150.0,28,10,24
PE,construction_tools_construction,2594.0,23,9,25
PE,food,604.0,37,8,26
PE,computers,7947.0,11,8,26
PE,books_general_interest,524.0,38,7,28
PE,home_construction,1342.0,27,6,29
PE,costruction_tools_garden,996.0,30,6,29
PE,home_confort,970.0,31,6,29
PE,agro_industry_and_commerce,5612.0,15,5,32
PE,home_appliances,238.0,46,5,32
PE,food_drink,672.0,35,5,32
PE,kitchen_dining_laundry_garden_furniture,1052.0,29,4,35
PE,audio,442.0,39,4,35
PE,christmas_supplies,372.0,41,4,35
PE,books_technical,313.0,43,4,35
PE,small_appliances,782.0,34,3,39
PE,construction_tools_safety,826.0,33,3,39
PE,furniture_living_room,309.0,44,3,39
PE,market_place,275.0,45,3,39
PE,fixed_telephony,90.0,53,3,39
PE,industry_commerce_and_business,438.0,40,2,44
PE,construction_tools_lights,340.0,42,2,44
PE,dvds_blu_ray,35.0,56,2,44
PE,fashion_underwear_beach,202.0,47,2,44
PE,tablets_printing_image,198.0,48,2,44
PE,home_appliances_2,960.0,32,2,44
PE,small_appliances_home_oven_and_coffee,641.0,36,1,50
PE,costruction_tools_tools,190.0,49,1,50
PE,air_conditioning,187.0,50,1,50
PE,art,111.0,51,1,50
PE,flowers,110.0,52,1,50
PE,signaling_and_security,78.0,54,1,50
PE,cine_photo,50.0,55,1,50
PI,health_beauty,10205.0,1,50,1
PI,watches_gifts,7736.0,3,38,2
PI,computers_accessories,4978.0,5,35,3
PI,telephony,2787.0,11,33,4
PI,sports_leisure,5526.0,4,30,5
PI,toys,3809.0,7,28,6
PI,auto,10017.0,2,27,7
PI,bed_bath_table,3778.0,8,24,8
PI,electronics,1277.0,19,21,9
PI,cool_stuff,3491.0,10,20,10
PI,garden_tools,3643.0,9,16,11
PI,perfumery,1696.0,14,15,12
PI,housewares,2506.0,12,14,13
PI,furniture_decor,1359.0,18,13,14
PI,baby,4293.0,6,11,15
PI,stationery,1130.0,21,9,16
PI,office_furniture,1213.0,20,8,17
PI,,574.0,26,7,18
PI,pet_shop,1397.0,16,7,18
PI,consoles_games,1541.0,15,6,20
PI,luggage_accessories,631.0,24,5,21
PI,musical_instruments,1382.0,17,5,21
PI,audio,240.0,35,4,23
PI,home_appliances,309.0,31,4,23
PI,costruction_tools_garden,300.0,32,4,23
PI,home_construction,821.0,23,4,23
PI,fashion_bags_accessories,209.0,40,4,23
PI,computers,2350.0,13,3,28
PI,home_confort,499.0,27,3,28
PI,air_conditioning,469.0,28,3,28
PI,agro_industry_and_commerce,319.0,29,3,28
PI,tablets_printing_image,297.0,33,3,28
PI,industry_commerce_and_business,874.0,22,3,28
PI,furniture_living_room,220.0,38,2,34
PI,market_place,103.0,46,2,34
PI,fixed_telephony,310.0,30,2,34
PI,books_technical,120.0,45,2,34
PI,party_supplies,231.0,36,1,38
PI,food_drink,216.0,39,1,38
PI,art,222.0,37,1,38
PI,fashion_shoes,200.0,41,1,38
PI,fashion_underwear_beach,152.0,42,1,38
PI,food,150.0,43,1,38
PI,books_general_interest,134.0,44,1,38
PI,construction_tools_lights,297.0,33,1,38
PI,dvds_blu_ray,25.0,48,1,38
PI,drinks,90.0,47,1,38
PI,home_appliances_2,600.0,25,1,38
PR,sports_leisure,57653.0,1,420,1
PR,bed_bath_table,45397.0,5,398,2
PR,furniture_decor,49202.0,4,393,3
PR,health_beauty,53730.0,3,375,4
PR,computers_accessories,43486.0,6,333,5
PR,housewares,31163.0,8,282,6
PR,watches_gifts,57287.0,2,266,7
PR,telephony,13273.0,15,226,8
PR,auto,26848.0,9,203,9
PR,cool_stuff,37452.0,7,202,10
PR,toys,23227.0,10,198,11
PR,garden_tools,20609.0,12,172,12
PR,electronics,9177.0,20,166,13
PR,baby,21255.0,11,149,14
PR,perfumery,15833.0,13,138,15
PR,stationery,11053.0,16,119,16
PR,fashion_bags_accessories,7906.0,24,107,17
PR,pet_shop,8209.0,23,80,18
PR,,8319.0,22,71,19
PR,office_furniture,14827.0,14,53,20
PR,luggage_accessories,6358.0,26,48,21
PR,construction_tools_construction,9201.0,19,46,22
PR,home_appliances,5824.0,27,42,23
PR,consoles_games,5649.0,28,38,24
PR,small_appliances,10458.0,17,38,24
PR,books_general_interest,2933.0,33,33,26
PR,musical_instruments,10211.0,18,33,26
PR,food,1505.0,41,25,28
PR,home_construction,2748.0,35,21,29
PR,audio,2841.0,34,17,30
PR,fashion_shoes,1067.0,44,16,31
PR,books_technical,1764.0,39,15,32
PR,market_place,929.0,46,14,33
PR,food_drink,653.0,48,13,34
PR,construction_tools_safety,2185.0,36,13,34
PR,construction_tools_lights,2062.0,37,13,34
PR,furniture_living_room,1961.0,38,13,34
PR,home_confort,1637.0,40,13,34
PR,home_appliances_2,5010.0,29,13,34
PR,kitchen_dining_laundry_garden_furniture,3439.0,31,12,40
PR,agro_industry_and_commerce,4904.0,30,12,40
PR,drinks,1449.0,42,10,42
PR,air_conditioning,3354.0,32,10,42
PR,fashion_male_clothing,1061.0,45,10,42
PR,industry_commerce_and_business,1128.0,43,9,45
PR,small_appliances_home_oven_and_coffee,8590.0,21,8,46
PR,art,674.0,47,8,46
PR,music,559.0,50,7,48
PR,costruction_tools_tools,267.0,55,7,48
PR,furniture_bedroom,63.0,63,7,48
PR,fixed_telephony,280.0,53,6,51
PR,fashion_underwear_beach,266.0,56,6,51
PR,christmas_supplies,190.0,58,6,51
PR,costruction_tools_garden,649.0,49,5,54
PR,computers,6677.0,25,4,55
PR,signaling_and_security,272.0,54,3,56
PR,tablets_printing_image,250.0,57,3,56
PR,dvds_blu_ray,105.0,60,3,56
PR,party_supplies,318.0,51,2,59
PR,cine_photo,294.0,52,2,59
PR,books_imported,122.0,59,2,59
PR,diapers_and_hygiene,97.0,61,2,59
PR,fashio_female_clothing,90.0,62,2,59
PR,home_comfort_2,13.0,65,1,64
PR,fashion_sport,50.0,64,1,64
RJ,bed_bath_table,144252.0,2,1357,1
RJ,health_beauty,140236.0,3,939,2
RJ,sports_leisure,120255.0,4,899,3
RJ,computers_accessories,117080.0,5,835,4
RJ,furniture_decor,95539.0,6,828,5
RJ,watches_gifts,174895.0,1,789,6
RJ,housewares,74080.0,8,717,7
RJ,toys,72654.0,9,538,8
RJ,garden_tools,71077.0,10,530,9
RJ,cool_stuff,80024.0,7,483,10
RJ,perfumery,52992.0,12,403,11
RJ,auto,64401.0,11,402,12
RJ,electronics,25525.0,19,393,13
RJ,telephony,36426.0,15,388,14
RJ,baby,41116.0,14,334,15
RJ,stationery,31216.0,16,294,16
RJ,office_furniture,45212.0,13,212,17
RJ,,23070.0,21,193,18
RJ,pet_shop,24756.0,20,192,19
RJ,fashion_bags_accessories,16257.0,28,184,20
RJ,consoles_games,16404.0,27,125,21
RJ,luggage_accessories,14598.0,30,113,22
RJ,construction_tools_construction,20563.0,23,102,23
RJ,furniture_living_room,16520.0,26,94,24
RJ,small_appliances,29019.0,17,82,25
RJ,home_appliances,8795.0,32,79,26
RJ,musical_instruments,20062.0,24,73,27
RJ,air_conditioning,15596.0,29,58,28
RJ,home_confort,7955.0,34,56,29
RJ,audio,9360.0,31,54,30
RJ,home_construction,6988.0,36,50,31
RJ,books_general_interest,4043.0,39,48,32
RJ,home_appliances_2,28823.0,18,45,33
RJ,kitchen_dining_laundry_garden_furniture,7358.0,35,42,34
RJ,food,2808.0,45,41,35
RJ,drinks,5525.0,38,40,36
RJ,food_drink,2706.0,47,39,37
RJ,market_place,2612.0,48,32,38
RJ,art,2934.0,44,31,39
RJ,books_technical,1622.0,51,29,40
RJ,costruction_tools_garden,6093.0,37,28,41
RJ,agro_industry_and_commerce,8541.0,33,24,42
RJ,fixed_telephony,17891.0,25,24,42
RJ,industry_commerce_and_business,3127.0,43,23,44
RJ,fashion_shoes,2301.0,50,22,45
RJ,computers,21931.0,22,20,46
RJ,construction_tools_lights,3258.0,42,19,47
RJ,construction_tools_safety,2736.0,46,17,48
RJ,furniture_bedroom,3409.0,40,16,49
RJ,signaling_and_security,2306.0,49,16,49
RJ,fashion_underwear_beach,1359.0,52,14,51
RJ,dvds_blu_ray,402.0,61,11,52
RJ,christmas_supplies,602.0,58,11,52
RJ,fashion_male_clothing,867.0,57,10,54
RJ,tablets_printing_image,908.0,56,10,54
RJ,costruction_tools_tools,1073.0,53,9,56
RJ,music,1018.0,55,8,57
RJ,furniture_mattress_and_upholstery,1020.0,54,8,57
RJ,flowers,256.0,63,7,59
RJ,small_appliances_home_oven_and_coffee,3332.0,41,6,60
RJ,cine_photo,529.0,59,5,61
RJ,party_supplies,292.0,62,5,61
RJ,books_imported,414.0,60,4,63
RJ,home_comfort_2,52.0,69,2,64
RJ,diapers_and_hygiene,195.0,64,2,64
RJ,fashion_sport,130.0,65,2,64
RJ,cds_dvds_musicals,90.0,67,2,64
RJ,fashion_childrens_clothes,110.0,66,1,68
RJ,fashio_female_clothing,55.0,68,1,68
RN,health_beauty,13729.0,1,56,1
RN,watches_gifts,10052.0,2,46,2
RN,furniture_decor,3241.0,9,29,3
RN,computers_accessories,2561.0,12,26,4
RN,bed_bath_table,3311.0,8,24,5
RN,toys,1965.0,15,23,6
RN,telephony,5303.0,3,22,7
RN,housewares,1883.0,16,22,7
RN,books_general_interest,1433.0,21,22,7
RN,cool_stuff,3800.0,6,21,10
RN,sports_leisure,4101.0,5,20,11
RN,perfumery,2845.0,10,20,11
RN,auto,4223.0,4,17,13
RN,garden_tools,2801.0,11,15,14
RN,baby,2334.0,13,15,14
RN,electronics,340.0,28,12,16
RN,stationery,3403.0,7,11,17
RN,pet_shop,2302.0,14,9,18
RN,fashion_bags_accessories,1456.0,19,7,19
RN,construction_tools_construction,1656.0,17,6,20
RN,consoles_games,1655.0,18,6,20
RN,,579.0,23,6,20
RN,office_furniture,1245.0,22,5,23
RN,food_drink,356.0,27,4,24
RN,small_appliances,267.0,31,3,25
RN,costruction_tools_garden,164.0,36,3,25
RN,home_appliances,434.0,25,2,27
RN,musical_instruments,410.0,26,2,27
RN,home_appliances_2,1440.0,20,2,27
RN,kitchen_dining_laundry_garden_furniture,340.0,28,2,27
RN,furniture_bedroom,252.0,32,2,27
RN,market_place,130.0,39,2,27
RN,food,70.0,43,2,27
RN,dvds_blu_ray,17.0,46,1,34
RN,luggage_accessories,300.0,30,1,34
RN,furniture_mattress_and_upholstery,249.0,33,1,34
RN,fashion_shoes,200.0,34,1,34
RN,audio,189.0,35,1,34
RN,industry_commerce_and_business,150.0,37,1,34
RN,construction_tools_safety,139.0,38,1,34
RN,home_confort,90.0,40,1,34
RN,art,80.0,41,1,34
RN,signaling_and_security,75.0,42,1,34
RN,books_technical,65.0,44,1,34
RN,christmas_supplies,20.0,45,1,34
RN,home_construction,453.0,24,1,34
RO,health_beauty,7086.0,1,23,1
RO,computers_accessories,2082.0,7,17,2
RO,sports_leisure,3213.0,3,16,3
RO,telephony,620.0,20,16,3
RO,bed_bath_table,1732.0,10,15,5
RO,toys,3079.0,4,13,6
RO,watches_gifts,4428.0,2,13,6
RO,cool_stuff,2440.0,6,12,8
RO,baby,2038.0,8,10,9
RO,furniture_decor,1545.0,11,10,9
RO,auto,1389.0,12,10,9
RO,pet_shop,976.0,17,8,12
RO,fashion_bags_accessories,632.0,19,7,13
RO,stationery,724.0,18,7,13
RO,garden_tools,555.0,22,6,15
RO,luggage_accessories,1182.0,15,6,15
RO,perfumery,1291.0,14,6,15
RO,electronics,245.0,26,6,15
RO,office_furniture,1088.0,16,5,19
RO,,580.0,21,5,19
RO,housewares,526.0,23,5,19
RO,construction_tools_construction,1375.0,13,4,22
RO,costruction_tools_garden,100.0,34,2,23
RO,computers,2500.0,5,2,23
RO,christmas_supplies,139.0,33,2,23
RO,home_appliances,262.0,25,2,23
RO,art,149.0,31,2,23
RO,fashion_shoes,170.0,29,1,28
RO,security_and_services,183.0,28,1,28
RO,market_place,150.0,30,1,28
RO,home_confort,229.0,27,1,28
RO,furniture_living_room,140.0,32,1,28
RO,construction_tools_safety,340.0,24,1,28
RO,small_appliances_home_oven_and_coffee,1999.0,9,1,28
RO,small_appliances,100.0,34,1,28
RO,food,99.0,36,1,28
RO,agro_industry_and_commerce,88.0,37,1,28
RO,industry_commerce_and_business,80.0,38,1,28
RO,books_general_interest,45.0,39,1,28
RO,musical_instruments,40.0,40,1,28
RO,consoles_games,20.0,42,1,28
RO,dvds_blu_ray,25.0,41,1,28
RR,sports_leisure,1351.0,1,6,1
RR,health_beauty,511.0,6,5,2
RR,computers_accessories,438.0,7,4,3
RR,telephony,100.0,15,4,3
RR,home_appliances,954.0,2,3,5
RR,furniture_decor,518.0,5,3,5
RR,bed_bath_table,610.0,4,2,7
RR,,246.0,9,2,7
RR,garden_tools,210.0,13,2,7
RR,cool_stuff,130.0,14,2,7
RR,electronics,27.0,17,2,7
RR,baby,950.0,3,1,12
RR,office_furniture,290.0,8,1,12
RR,perfumery,244.0,10,1,12
RR,auto,220.0,11,1,12
RR,watches_gifts,219.0,12,1,12
RR,stationery,40.0,16,1,12
RS,bed_bath_table,60041.0,1,537,1
RS,furniture_decor,53775.0,2,438,2
RS,sports_leisure,51287.0,4,413,3
RS,health_beauty,50596.0,5,389,4
RS,computers_accessories,52380.0,3,386,5
RS,housewares,38366.0,8,345,6
RS,cool_stuff,44042.0,7,252,7
RS,telephony,18219.0,14,247,8
RS,garden_tools,33157.0,9,228,9
RS,watches_gifts,47838.0,6,224,10
RS,toys,28675.0,10,200,11
RS,baby,27889.0,11,197,12
RS,auto,25741.0,12,173,13
RS,electronics,8379.0,22,157,14
RS,perfumery,20122.0,13,143,15
RS,stationery,12750.0,16,136,16
RS,pet_shop,10898.0,17,82,17
RS,,9094.0,20,81,18
RS,fashion_bags_accessories,8172.0,24,77,19
RS,office_furniture,10227.0,19,55,20
RS,consoles_games,8217.0,23,55,20
RS,luggage_accessories,6770.0,27,55,20
RS,home_appliances,6141.0,28,44,23
RS,small_appliances,15318.0,15,39,24
RS,home_construction,7498.0,25,37,25
RS,construction_tools_construction,5530.0,29,34,26
RS,musical_instruments,7437.0,26,29,27
RS,books_general_interest,2541.0,34,28,28
RS,furniture_living_room,3583.0,30,22,29
RS,market_place,1979.0,38,21,30
RS,industry_commerce_and_business,3147.0,32,19,31
RS,home_confort,2992.0,33,19,31
RS,construction_tools_lights,2253.0,36,18,33
RS,fixed_telephony,2403.0,35,18,33
RS,audio,2245.0,37,16,35
RS,signaling_and_security,1392.0,40,14,36
RS,drinks,1026.0,43,13,37
RS,books_technical,914.0,45,12,38
RS,home_appliances_2,10800.0,18,12,38
RS,kitchen_dining_laundry_garden_furniture,1970.0,39,12,38
RS,food,689.0,48,11,41
RS,air_conditioning,1344.0,41,11,41
RS,fashion_shoes,743.0,47,10,43
RS,cine_photo,822.0,46,9,44
RS,agro_industry_and_commerce,3156.0,31,9,44
RS,computers,8547.0,21,8,46
RS,art,576.0,51,8,46
RS,costruction_tools_tools,1113.0,42,8,46
RS,costruction_tools_garden,967.0,44,6,49
RS,fashion_male_clothing,589.0,50,6,49
RS,construction_tools_safety,646.0,49,5,51
RS,christmas_supplies,485.0,53,5,51
RS,food_drink,249.0,58,4,53
RS,dvds_blu_ray,154.0,61,4,53
RS,small_appliances_home_oven_and_coffee,495.0,52,3,55
RS,fashion_underwear_beach,398.0,55,3,55
RS,party_supplies,360.0,56,3,55
RS,cds_dvds_musicals,225.0,59,3,55
RS,flowers,76.0,65,3,55
RS,la_cuisine,429.0,54,3,55
RS,books_imported,137.0,62,2,61
RS,fashion_sport,25.0,66,1,62
RS,music,299.0,57,1,62
RS,furniture_bedroom,185.0,60,1,62
RS,home_comfort_2,110.0,63,1,62
RS,tablets_printing_image,99.0,64,1,62
SC,sports_leisure,41579.0,1,309,1
SC,health_beauty,39261.0,2,282,2
SC,furniture_decor,31861.0,5,271,3
SC,bed_bath_table,30889.0,6,268,4
SC,computers_accessories,36058.0,3,260,5
SC,housewares,26675.0,9,218,6
SC,watches_gifts,33230.0,4,163,7
SC,auto,27090.0,8,160,8
SC,telephony,10472.0,14,160,8
SC,cool_stuff,28499.0,7,148,10
SC,garden_tools,23779.0,10,145,11
SC,toys,15563.0,12,113,12
SC,electronics,8282.0,18,112,13
SC,perfumery,13822.0,13,106,14
SC,baby,16878.0,11,97,15
SC,stationery,8658.0,17,82,16
SC,pet_shop,9018.0,16,79,17
SC,fashion_bags_accessories,5958.0,24,72,18
SC,,6982.0,21,59,19
SC,office_furniture,9299.0,15,40,20
SC,luggage_accessories,5867.0,25,34,21
SC,consoles_games,4388.0,28,33,22
SC,small_appliances,7902.0,19,25,23
SC,home_appliances,3049.0,30,24,24
SC,musical_instruments,7406.0,20,23,25
SC,home_construction,3878.0,29,22,26
SC,construction_tools_construction,4977.0,26,21,27
SC,books_general_interest,1890.0,34,20,28
SC,home_appliances_2,6292.0,22,16,29
SC,food,747.0,47,14,30
SC,drinks,892.0,43,14,30
SC,market_place,1449.0,39,14,30
SC,industry_commerce_and_business,1471.0,38,13,33
SC,construction_tools_safety,2851.0,31,12,34
SC,furniture_living_room,2131.0,32,12,34
SC,home_confort,1536.0,36,11,36
SC,christmas_supplies,863.0,44,10,37
SC,audio,1593.0,35,10,37
SC,construction_tools_lights,1499.0,37,10,37
SC,books_technical,917.0,42,8,40
SC,fashion_underwear_beach,367.0,54,7,41
SC,kitchen_dining_laundry_garden_furniture,714.0,48,6,42
SC,art,422.0,53,6,42
SC,fixed_telephony,1917.0,33,5,44
SC,fashion_shoes,750.0,46,5,44
SC,computers,6070.0,23,5,44
SC,signaling_and_security,612.0,49,5,44
SC,costruction_tools_tools,496.0,51,5,44
SC,small_appliances_home_oven_and_coffee,4755.0,27,4,49
SC,cine_photo,1107.0,40,4,49
SC,costruction_tools_garden,234.0,57,4,49
SC,furniture_bedroom,803.0,45,3,52
SC,fashion_sport,170.0,58,3,52
SC,food_drink,91.0,60,3,52
SC,agro_industry_and_commerce,1070.0,41,3,52
SC,la_cuisine,494.0,52,2,56
SC,party_supplies,259.0,56,2,56
SC,furniture_mattress_and_upholstery,120.0,59,2,56
SC,fashion_male_clothing,90.0,61,2,56
SC,dvds_blu_ray,45.0,62,2,56
SC,air_conditioning,600.0,50,1,61
SC,fashio_female_clothing,20.0,65,1,61
SC,arts_and_craftmanship,289.0,55,1,61
SC,fashion_childrens_clothes,40.0,63,1,61
SC,books_imported,25.0,64,1,61
SE,health_beauty,8397.0,1,38,1
SE,computers_accessories,4053.0,4,33,2
SE,sports_leisure,3028.0,6,29,3
SE,telephony,2331.0,8,26,4
SE,watches_gifts,2896.0,7,20,5
SE,furniture_decor,4231.0,3,19,6
SE,auto,2210.0,9,19,6
SE,cool_stuff,5687.0,2,17,8
SE,garden_tools,3319.0,5,17,8
SE,bed_bath_table,1812.0,10,14,10
SE,electronics,1084.0,18,12,11
SE,toys,1100.0,17,11,12
SE,fashion_bags_accessories,467.0,25,8,13
SE,baby,1447.0,14,8,13
SE,housewares,1267.0,15,8,13
SE,perfumery,869.0,21,6,16
SE,consoles_games,1732.0,11,5,17
SE,stationery,209.0,31,3,18
SE,home_construction,885.0,19,3,18
SE,pet_shop,173.0,33,3,18
SE,small_appliances,1487.0,13,3,18
SE,market_place,534.0,23,3,18
SE,office_furniture,507.0,24,3,18
SE,musical_instruments,1715.0,12,3,18
SE,luggage_accessories,290.0,26,3,18
SE,industry_commerce_and_business,252.0,28,3,18
SE,furniture_living_room,871.0,20,2,27
SE,furniture_bedroom,270.0,27,2,27
SE,,174.0,32,2,27
SE,construction_tools_construction,780.0,22,1,30
SE,home_confort,219.0,30,1,30
SE,construction_tools_lights,230.0,29,1,30
SE,computers,1200.0,16,1,30
SE,signaling_and_security,170.0,34,1,30
SE,books_general_interest,135.0,35,1,30
SE,home_appliances_2,120.0,36,1,30
SE,food_drink,120.0,36,1,30
SE,home_appliances,80.0,38,1,30
SE,construction_tools_safety,78.0,39,1,30
SE,fixed_telephony,70.0,40,1,30
SE,books_imported,60.0,41,1,30
SE,food,18.0,42,1,30
SP,bed_bath_table,472238.0,1,4347,1
SP,health_beauty,453916.0,2,3715,2
SP,sports_leisure,375045.0,4,3216,3
SP,housewares,269657.0,7,2720,4
SP,furniture_decor,277926.0,6,2665,5
SP,computers_accessories,340934.0,5,2615,6
SP,watches_gifts,421269.0,3,2088,7
SP,auto,209231.0,8,1584,8
SP,toys,179899.0,10,1576,9
SP,telephony,99027.0,15,1491,10
SP,perfumery,162426.0,11,1333,11
SP,cool_stuff,208603.0,9,1289,12
SP,garden_tools,148147.0,13,1242,13
SP,baby,151003.0,12,1143,14
SP,stationery,87664.0,17,963,15
SP,electronics,51568.0,26,928,16
SP,pet_shop,88486.0,16,763,17
SP,fashion_bags_accessories,56100.0,25,761,18
SP,,64185.0,20,571,19
SP,office_furniture,106708.0,14,504,20
SP,consoles_games,59482.0,23,442,21
SP,luggage_accessories,56677.0,24,416,22
SP,home_appliances,33609.0,27,339,23
SP,construction_tools_construction,59560.0,22,332,24
SP,small_appliances,68405.0,18,270,25
SP,musical_instruments,67625.0,19,247,26
SP,food,15290.0,40,244,27
SP,books_general_interest,19152.0,35,210,28
SP,home_construction,33155.0,28,200,29
SP,home_confort,26950.0,30,181,30
SP,drinks,8878.0,46,163,31
SP,furniture_living_room,22583.0,33,159,32
SP,audio,17519.0,38,138,33
SP,kitchen_dining_laundry_garden_furniture,23362.0,32,118,34
SP,industry_commerce_and_business,18192.0,36,114,35
SP,air_conditioning,22358.0,34,114,35
SP,construction_tools_lights,17894.0,37,109,37
SP,books_technical,7170.0,49,108,38
SP,food_drink,6271.0,52,107,39
SP,market_place,9768.0,45,103,40
SP,fixed_telephony,12990.0,43,95,41
SP,art,14613.0,41,91,42
SP,home_appliances_2,32285.0,29,86,43
SP,agro_industry_and_commerce,25865.0,31,84,44
SP,fashion_shoes,6689.0,51,82,45
SP,costruction_tools_garden,7449.0,48,79,46
SP,signaling_and_security,7895.0,47,64,47
SP,construction_tools_safety,14099.0,42,54,48
SP,fashion_underwear_beach,3521.0,54,52,49
SP,computers,61993.0,21,50,50
SP,fashion_male_clothing,4195.0,53,47,51
SP,christmas_supplies,2144.0,58,44,52
SP,furniture_bedroom,9946.0,44,44,52
SP,costruction_tools_tools,6786.0,50,32,54
SP,books_imported,2440.0,57,32,54
SP,small_appliances_home_oven_and_coffee,16285.0,39,32,54
SP,tablets_printing_image,2450.0,56,31,57
SP,cine_photo,1944.0,61,27,58
SP,furniture_mattress_and_upholstery,2039.0,60,21,59
SP,dvds_blu_ray,2853.0,55,19,60
SP,fashio_female_clothing,1335.0,63,18,61
SP,diapers_and_hygiene,1059.0,64,18,61
SP,party_supplies,1566.0,62,17,63
SP,arts_and_craftmanship,906.0,66,15,64
SP,music,2093.0,59,12,65
SP,fashion_sport,940.0,65,12,65
SP,home_comfort_2,457.0,68,11,67
SP,flowers,439.0,69,10,68
SP,cds_dvds_musicals,350.0,70,6,69
SP,la_cuisine,729.0,67,5,70
SP,fashion_childrens_clothes,280.0,71,4,71
TO,health_beauty,4799.0,3,29,1
TO,watches_gifts,4921.0,2,26,2
TO,sports_leisure,5144.0,1,23,3
TO,telephony,1268.0,13,20,4
TO,computers_accessories,4147.0,4,18,5
TO,cool_stuff,3429.0,5,16,6
TO,auto,2419.0,6,16,6
TO,furniture_decor,1996.0,9,13,8
TO,toys,1864.0,10,12,9
TO,perfumery,1805.0,11,12,9
TO,housewares,926.0,19,11,11
TO,bed_bath_table,1011.0,18,9,12
TO,garden_tools,1206.0,15,8,13
TO,baby,2180.0,7,7,14
TO,electronics,148.0,32,6,15
TO,fashion_bags_accessories,331.0,24,6,15
TO,office_furniture,1227.0,14,5,17
TO,pet_shop,332.0,23,4,18
TO,stationery,277.0,26,3,19
TO,consoles_games,329.0,25,3,19
TO,home_appliances_2,1017.0,17,3,19
TO,,433.0,21,3,19
TO,furniture_living_room,246.0,28,2,23
TO,luggage_accessories,350.0,22,2,23
TO,books_technical,205.0,29,2,23
TO,fixed_telephony,1391.0,12,2,23
TO,construction_tools_lights,274.0,27,2,23
TO,home_confort,599.0,20,1,28
TO,computers,1200.0,16,1,28
TO,fashion_shoes,200.0,30,1,28
TO,audio,175.0,31,1,28
TO,small_appliances_home_oven_and_coffee,1999.0,8,1,28
TO,home_appliances,144.0,33,1,28
TO,kitchen_dining_laundry_garden_furniture,129.0,34,1,28
TO,home_construction,80.0,35,1,28
TO,industry_commerce_and_business,69.0,36,1,28
TO,market_place,63.0,37,1,28
TO,musical_instruments,37.0,38,1,28
TO,books_general_interest,33.0,39,1,28